Successfully imported ShiftExperiment_FlowControl from scripts directory
Warning: Qiskit not available. Circuit optimization will be limited.
Warning: Qiskit not available. RL optimization will be limited.
Successfully imported ToffoliCompiler
Successfully imported RLToffoliOptimizer
Successfully imported ZXOptimizer
Successfully imported ConsolidatedToffoliDepthOptimizer
Successfully imported I/O utilities
Successfully imported circuit utilities
Successfully imported visualization utilities
Generating Toffoli network with qubits=3, ancillas=5, controlling_anc=3
Circuit created with 8 qubits and 4 classical bits
Error processing instruction: 'qiskit.circuit.Qubit' object has no attribute 'index'
Error processing instruction: 'qiskit.circuit.Qubit' object has no attribute 'index'
Error processing instruction: 'qiskit.circuit.Qubit' object has no attribute 'index'
Error processing instruction: 'qiskit.circuit.Qubit' object has no attribute 'index'
Error processing instruction: 'qiskit.circuit.Qubit' object has no attribute 'index'
Error processing instruction: 'qiskit.circuit.Qubit' object has no attribute 'index'
Error processing instruction: 'qiskit.circuit.Qubit' object has no attribute 'index'
Error processing instruction: 'qiskit.circuit.Qubit' object has no attribute 'index'
Error processing instruction: 'qiskit.circuit.Qubit' object has no attribute 'index'
Error processing instruction: 'qiskit.circuit.Qubit' object has no attribute 'index'
Error processing instruction: 'qiskit.circuit.Qubit' object has no attribute 'index'
Error processing instruction: 'qiskit.circuit.Qubit' object has no attribute 'index'
Error processing instruction: 'qiskit.circuit.Qubit' object has no attribute 'index'
Error processing instruction: 'qiskit.circuit.Qubit' object has no attribute 'index'
Error processing instruction: 'qiskit.circuit.Qubit' object has no attribute 'index'
Error processing instruction: 'qiskit.circuit.Qubit' object has no attribute 'index'
Error processing instruction: 'qiskit.circuit.Qubit' object has no attribute 'index'
Error processing instruction: 'qiskit.circuit.Qubit' object has no attribute 'index'
Error processing instruction: 'qiskit.circuit.Qubit' object has no attribute 'index'
Error processing instruction: 'qiskit.circuit.Qubit' object has no attribute 'index'
Error processing instruction: 'qiskit.circuit.Qubit' object has no attribute 'index'
Error processing instruction: 'qiskit.circuit.Qubit' object has no attribute 'index'
Error processing instruction: 'qiskit.circuit.Qubit' object has no attribute 'index'
Error processing instruction: 'qiskit.circuit.Qubit' object has no attribute 'index'
Error processing instruction: 'qiskit.circuit.Qubit' object has no attribute 'index'
Error processing instruction: 'qiskit.circuit.Qubit' object has no attribute 'index'
Error processing instruction: 'qiskit.circuit.Qubit' object has no attribute 'index'
Error processing instruction: 'qiskit.circuit.Qubit' object has no attribute 'index'
Error processing instruction: 'qiskit.circuit.Qubit' object has no attribute 'index'
Error processing instruction: 'qiskit.circuit.Qubit' object has no attribute 'index'
Error processing instruction: 'qiskit.circuit.Qubit' object has no attribute 'index'
Error processing instruction: 'qiskit.circuit.Qubit' object has no attribute 'index'
Error processing instruction: 'qiskit.circuit.Qubit' object has no attribute 'index'
Error processing instruction: 'qiskit.circuit.Qubit' object has no attribute 'index'
Error processing instruction: 'qiskit.circuit.Qubit' object has no attribute 'index'
Error processing instruction: 'qiskit.circuit.Qubit' object has no attribute 'index'
Error processing instruction: 'qiskit.circuit.Qubit' object has no attribute 'index'
Error processing instruction: 'qiskit.circuit.Qubit' object has no attribute 'index'
Error processing instruction: 'qiskit.circuit.Qubit' object has no attribute 'index'
Error processing instruction: 'qiskit.circuit.Qubit' object has no attribute 'index'
Error processing instruction: 'qiskit.circuit.Qubit' object has no attribute 'index'
Error processing instruction: 'qiskit.circuit.Qubit' object has no attribute 'index'
Error processing instruction: 'qiskit.circuit.Qubit' object has no attribute 'index'
Error processing instruction: 'qiskit.circuit.Qubit' object has no attribute 'index'
Error processing instruction: 'qiskit.circuit.Qubit' object has no attribute 'index'
Error processing instruction: 'qiskit.circuit.Qubit' object has no attribute 'index'
Error processing instruction: 'qiskit.circuit.Qubit' object has no attribute 'index'
Error processing instruction: 'qiskit.circuit.Qubit' object has no attribute 'index'
Error processing instruction: 'qiskit.circuit.Qubit' object has no attribute 'index'
No Toffoli gates found in circuit, creating simple example
Extracted 4 Toffoli gates from circuit
Input qubits: [0, 1]
Output qubits: [2, 3, 4, 5]
Total qubits: 8
Using 4 valid gates after filtering.
Circuit created with depth 20, 28 gates, 8 qubits
Running optimization sweep for circuit with 28 gates on 8 qubits
Target topology: falcon
Number of trials: 5
Target fidelities: [0.85, 0.9, 0.95, 0.99]
Circuit has depth 20
Circuit text representation saved to comprehensive_results/original/original_circuit_20250504_213256.txt

=== Running Qiskit Transpiler Optimization ===

Running transpiler with optimization level 1...
  Level 1, Fidelity 0.85:
    Original depth: 20
    Optimized depth: 20
    Depth reduction: 0.00%
    Runtime: 0.05 seconds
Circuit text representation saved to comprehensive_results/Transpile_L1_f0.85/optimized_circuit_20250504_213256.txt
  Level 1, Fidelity 0.9:
    Original depth: 20
    Optimized depth: 20
    Depth reduction: 0.00%
    Runtime: 0.00 seconds
Circuit text representation saved to comprehensive_results/Transpile_L1_f0.9/optimized_circuit_20250504_213256.txt
  Level 1, Fidelity 0.95:
    Original depth: 20
    Optimized depth: 20
    Depth reduction: 0.00%
    Runtime: 0.00 seconds
Circuit text representation saved to comprehensive_results/Transpile_L1_f0.95/optimized_circuit_20250504_213256.txt
  Level 1, Fidelity 0.99:
    Original depth: 20
    Optimized depth: 20
    Depth reduction: 0.00%
    Runtime: 0.00 seconds
Circuit text representation saved to comprehensive_results/Transpile_L1_f0.99/optimized_circuit_20250504_213256.txt

Running transpiler with optimization level 2...
  Level 2, Fidelity 0.85:
    Original depth: 20
    Optimized depth: 16
    Depth reduction: 20.00%
    Runtime: 0.01 seconds
Circuit text representation saved to comprehensive_results/Transpile_L2_f0.85/optimized_circuit_20250504_213256.txt
  Level 2, Fidelity 0.9:
    Original depth: 20
    Optimized depth: 16
    Depth reduction: 20.00%
    Runtime: 0.01 seconds
Circuit text representation saved to comprehensive_results/Transpile_L2_f0.9/optimized_circuit_20250504_213256.txt
  Level 2, Fidelity 0.95:
    Original depth: 20
    Optimized depth: 16
    Depth reduction: 20.00%
    Runtime: 0.00 seconds
Circuit text representation saved to comprehensive_results/Transpile_L2_f0.95/optimized_circuit_20250504_213256.txt
  Level 2, Fidelity 0.99:
    Original depth: 20
    Optimized depth: 16
    Depth reduction: 20.00%
    Runtime: 0.00 seconds
Circuit text representation saved to comprehensive_results/Transpile_L2_f0.99/optimized_circuit_20250504_213256.txt

Running transpiler with optimization level 3...
  Level 3, Fidelity 0.85:
    Original depth: 20
    Optimized depth: 16
    Depth reduction: 20.00%
    Runtime: 0.01 seconds
Circuit text representation saved to comprehensive_results/Transpile_L3_f0.85/optimized_circuit_20250504_213256.txt
  Level 3, Fidelity 0.9:
    Original depth: 20
    Optimized depth: 16
    Depth reduction: 20.00%
    Runtime: 0.01 seconds
Circuit text representation saved to comprehensive_results/Transpile_L3_f0.9/optimized_circuit_20250504_213256.txt
  Level 3, Fidelity 0.95:
    Original depth: 20
    Optimized depth: 16
    Depth reduction: 20.00%
    Runtime: 0.01 seconds
Circuit text representation saved to comprehensive_results/Transpile_L3_f0.95/optimized_circuit_20250504_213256.txt
  Level 3, Fidelity 0.99:
    Original depth: 20
    Optimized depth: 16
    Depth reduction: 20.00%
    Runtime: 0.01 seconds
Circuit text representation saved to comprehensive_results/Transpile_L3_f0.99/optimized_circuit_20250504_213256.txt

=== Running ConsolidatedToffoliDepthOptimizer with Different Strategies ===

Running ConsolidatedToffoliDepthOptimizer with strategy STANDARD:
  Standard optimization balancing depth and fidelity

  Target fidelity 0.85:
Initializing Toffoli pattern library...
Direct circuit optimization method not available
Falling back to optimize_toffoli_network method

Optimizing Toffoli network with 0 gates on 8 qubits
Using RELATIVE_PHASE_1 implementation
Max optimization passes: 2
Optimization strategy: STANDARD
Target fidelity: 0.85
Pass timeout: 60 seconds
Pattern optimization: Enabled (threshold: 10.0%)
ZX calculus optimization: Enabled
Reinforcement learning optimization: Enabled
Creating logical circuit...
Using 0 valid gates after filtering.
Logical circuit depth: 0
Applying pattern-based optimization...
Pattern-optimized depth: 0 (0.00% reduction)
Naive physical depth: 20
Running optimization passes (max: 2)...
Optimization pass 1/2
Pass 1 completed in 0.10 seconds
No improvement in pass 1
Optimization pass 2/2
Pass 2 completed in 0.10 seconds
No improvement in pass 2
Early termination condition detected (continuing anyway)

Note: Early termination would have triggered, but all 2 passes were completed
Best results achieved in pass 0

Applying ZX calculus optimization...
ZX optimization did not improve the circuit

Applying RL-based optimization...
RL optimization did not improve the circuit
Optimized logical depth: 0
Mapping optimized circuit to physical qubits...
Mapping and optimizing circuit for target hardware (optimization level: 3)...
Circuit before mapping: 0 depth, 0 gates
Initial mapping complete: 0 depth, 0 gates
Optimized mapping complete: 0 depth, 0 gates
Mapped circuit successfully respects coupling constraints
Final physical depth: 0
Final physical gates: 0
Logical fidelity (function preservation): 0.900000
Physical fidelity (hardware execution): 1.000000
Respects coupling constraints: True
Depth reduction from pattern-optimized to final: 0.00%
Depth reduction from logical: 0.00%
Depth reduction from naive: 100.00%
Optimization completed in 0.5218 seconds
Circuit text representation saved to toffoli_optimizer_results/circuit_images/original_physical_circuit_20250504_213257.txt
Circuit text representation saved to toffoli_optimizer_results/circuit_images/optimized_logical_circuit_20250504_213257.txt
Circuit text representation saved to toffoli_optimizer_results/circuit_images/final_physical_circuit_20250504_213257.txt

Detailed Circuit Comparison:

=== Circuit Comparison ===
Metric               Original   Mapped     Optimized 
Depth                0          0          0         
Width                8          8          8         
CNOT Count           0          0          0         
T Gate Count         0          0          0         
Single-Qubit Gates   0          0          0         

Logical fidelity (function preservation): 0.900000
Physical fidelity (hardware execution): 1.000000
    Original depth: 20
    Optimized depth: 0
    Depth reduction: 100.00%
    Runtime: 0.65 seconds
Circuit text representation saved to comprehensive_results/Consolidated_STANDARD_f0.85/optimized_circuit_20250504_213257.txt

  Target fidelity 0.9:
Initializing Toffoli pattern library...
Direct circuit optimization method not available
Falling back to optimize_toffoli_network method

Optimizing Toffoli network with 0 gates on 8 qubits
Using RELATIVE_PHASE_1 implementation
Max optimization passes: 2
Optimization strategy: STANDARD
Target fidelity: 0.9
Pass timeout: 60 seconds
Pattern optimization: Enabled (threshold: 10.0%)
ZX calculus optimization: Enabled
Reinforcement learning optimization: Enabled
Creating logical circuit...
Using 0 valid gates after filtering.
Logical circuit depth: 0
Applying pattern-based optimization...
Pattern-optimized depth: 0 (0.00% reduction)
Naive physical depth: 20
Running optimization passes (max: 2)...
Optimization pass 1/2
Pass 1 completed in 0.12 seconds
No improvement in pass 1
Optimization pass 2/2
Pass 2 completed in 0.11 seconds
No improvement in pass 2
Early termination condition detected (continuing anyway)

Note: Early termination would have triggered, but all 2 passes were completed
Best results achieved in pass 0

Applying ZX calculus optimization...
ZX optimization did not improve the circuit

Applying RL-based optimization...
RL optimization did not improve the circuit
Optimized logical depth: 0
Mapping optimized circuit to physical qubits...
Mapping and optimizing circuit for target hardware (optimization level: 3)...
Circuit before mapping: 0 depth, 0 gates
Initial mapping complete: 0 depth, 0 gates
Optimized mapping complete: 0 depth, 0 gates
Mapped circuit successfully respects coupling constraints
Final physical depth: 0
Final physical gates: 0
Logical fidelity (function preservation): 0.900000
Physical fidelity (hardware execution): 1.000000
Respects coupling constraints: True
Depth reduction from pattern-optimized to final: 0.00%
Depth reduction from logical: 0.00%
Depth reduction from naive: 100.00%
Optimization completed in 0.5513 seconds
Circuit text representation saved to toffoli_optimizer_results/circuit_images/original_physical_circuit_20250504_213258.txt
Circuit text representation saved to toffoli_optimizer_results/circuit_images/optimized_logical_circuit_20250504_213258.txt
Circuit text representation saved to toffoli_optimizer_results/circuit_images/final_physical_circuit_20250504_213258.txt

Detailed Circuit Comparison:

=== Circuit Comparison ===
Metric               Original   Mapped     Optimized 
Depth                0          0          0         
Width                8          8          8         
CNOT Count           0          0          0         
T Gate Count         0          0          0         
Single-Qubit Gates   0          0          0         

Logical fidelity (function preservation): 0.900000
Physical fidelity (hardware execution): 1.000000
    Original depth: 20
    Optimized depth: 0
    Depth reduction: 100.00%
    Runtime: 0.68 seconds
Circuit text representation saved to comprehensive_results/Consolidated_STANDARD_f0.9/optimized_circuit_20250504_213258.txt

  Target fidelity 0.95:
Initializing Toffoli pattern library...
Direct circuit optimization method not available
Falling back to optimize_toffoli_network method

Optimizing Toffoli network with 0 gates on 8 qubits
Using RELATIVE_PHASE_1 implementation
Max optimization passes: 2
Optimization strategy: STANDARD
Target fidelity: 0.95
Pass timeout: 60 seconds
Pattern optimization: Enabled (threshold: 10.0%)
ZX calculus optimization: Enabled
Reinforcement learning optimization: Enabled
Creating logical circuit...
Using 0 valid gates after filtering.
Logical circuit depth: 0
Applying pattern-based optimization...
Pattern-optimized depth: 0 (0.00% reduction)
Naive physical depth: 20
Running optimization passes (max: 2)...
Optimization pass 1/2
Pass 1 completed in 0.10 seconds
No improvement in pass 1
Optimization pass 2/2
Pass 2 completed in 0.11 seconds
No improvement in pass 2
Early termination condition detected (continuing anyway)

Note: Early termination would have triggered, but all 2 passes were completed
Best results achieved in pass 0

Applying ZX calculus optimization...
ZX optimization did not improve the circuit

Applying RL-based optimization...
RL optimization did not improve the circuit
Optimized logical depth: 0
Mapping optimized circuit to physical qubits...
Mapping and optimizing circuit for target hardware (optimization level: 3)...
Circuit before mapping: 0 depth, 0 gates
Initial mapping complete: 0 depth, 0 gates
Optimized mapping complete: 0 depth, 0 gates
Mapped circuit successfully respects coupling constraints
Final physical depth: 0
Final physical gates: 0
Logical fidelity (function preservation): 0.900000
Physical fidelity (hardware execution): 1.000000
Respects coupling constraints: True
Depth reduction from pattern-optimized to final: 0.00%
Depth reduction from logical: 0.00%
Depth reduction from naive: 100.00%
Optimization completed in 0.5539 seconds
Circuit text representation saved to toffoli_optimizer_results/circuit_images/original_physical_circuit_20250504_213259.txt
Circuit text representation saved to toffoli_optimizer_results/circuit_images/optimized_logical_circuit_20250504_213259.txt
Circuit text representation saved to toffoli_optimizer_results/circuit_images/final_physical_circuit_20250504_213259.txt

Detailed Circuit Comparison:

=== Circuit Comparison ===
Metric               Original   Mapped     Optimized 
Depth                0          0          0         
Width                8          8          8         
CNOT Count           0          0          0         
T Gate Count         0          0          0         
Single-Qubit Gates   0          0          0         

Logical fidelity (function preservation): 0.900000
Physical fidelity (hardware execution): 1.000000
    Original depth: 20
    Optimized depth: 0
    Depth reduction: 100.00%
    Runtime: 0.68 seconds
Circuit text representation saved to comprehensive_results/Consolidated_STANDARD_f0.95/optimized_circuit_20250504_213259.txt

  Target fidelity 0.99:
Initializing Toffoli pattern library...
Direct circuit optimization method not available
Falling back to optimize_toffoli_network method

Optimizing Toffoli network with 0 gates on 8 qubits
Using RELATIVE_PHASE_1 implementation
Max optimization passes: 2
Optimization strategy: STANDARD
Target fidelity: 0.99
Pass timeout: 60 seconds
Pattern optimization: Enabled (threshold: 10.0%)
ZX calculus optimization: Enabled
Reinforcement learning optimization: Enabled
Creating logical circuit...
Using 0 valid gates after filtering.
Logical circuit depth: 0
Applying pattern-based optimization...
Pattern-optimized depth: 0 (0.00% reduction)
Naive physical depth: 20
Running optimization passes (max: 2)...
Optimization pass 1/2
Pass 1 completed in 0.11 seconds
No improvement in pass 1
Optimization pass 2/2
Pass 2 completed in 0.10 seconds
No improvement in pass 2
Early termination condition detected (continuing anyway)

Note: Early termination would have triggered, but all 2 passes were completed
Best results achieved in pass 0

Applying ZX calculus optimization...
ZX optimization did not improve the circuit

Applying RL-based optimization...
RL optimization did not improve the circuit
Optimized logical depth: 0
Mapping optimized circuit to physical qubits...
Mapping and optimizing circuit for target hardware (optimization level: 3)...
Circuit before mapping: 0 depth, 0 gates
Initial mapping complete: 0 depth, 0 gates
Optimized mapping complete: 0 depth, 0 gates
Mapped circuit successfully respects coupling constraints
Final physical depth: 0
Final physical gates: 0
Logical fidelity (function preservation): 0.900000
Physical fidelity (hardware execution): 1.000000
Respects coupling constraints: True
Depth reduction from pattern-optimized to final: 0.00%
Depth reduction from logical: 0.00%
Depth reduction from naive: 100.00%
Optimization completed in 0.5551 seconds
Circuit text representation saved to toffoli_optimizer_results/circuit_images/original_physical_circuit_20250504_213300.txt
Circuit text representation saved to toffoli_optimizer_results/circuit_images/optimized_logical_circuit_20250504_213300.txt
Circuit text representation saved to toffoli_optimizer_results/circuit_images/final_physical_circuit_20250504_213300.txt

Detailed Circuit Comparison:

=== Circuit Comparison ===
Metric               Original   Mapped     Optimized 
Depth                0          0          0         
Width                8          8          8         
CNOT Count           0          0          0         
T Gate Count         0          0          0         
Single-Qubit Gates   0          0          0         

Logical fidelity (function preservation): 0.900000
Physical fidelity (hardware execution): 1.000000
    Original depth: 20
    Optimized depth: 0
    Depth reduction: 100.00%
    Runtime: 0.68 seconds
Circuit text representation saved to comprehensive_results/Consolidated_STANDARD_f0.99/optimized_circuit_20250504_213300.txt

Running ConsolidatedToffoliDepthOptimizer with strategy ULTRA_DEPTH_REDUCTION:
  Aggressive depth reduction with controlled fidelity trade-offs

  Target fidelity 0.85:
Initializing Toffoli pattern library...
Direct circuit optimization method not available
Falling back to optimize_toffoli_network method

Optimizing Toffoli network with 0 gates on 8 qubits
Using RELATIVE_PHASE_1 implementation
Max optimization passes: 2
Optimization strategy: ULTRA_DEPTH_REDUCTION
Target fidelity: 0.85, Minimum fidelity: 0.8
Pass timeout: 60 seconds
Pattern optimization: Enabled (threshold: 10.0%)
ZX calculus optimization: Enabled
Reinforcement learning optimization: Enabled
Creating logical circuit...
Using 0 valid gates after filtering.
Logical circuit depth: 0
Applying pattern-based optimization...
Pattern-optimized depth: 0 (0.00% reduction)
Naive physical depth: 20
Running optimization passes (max: 2)...
Optimization pass 1/2
Pass 1 completed in 0.11 seconds
No improvement in pass 1
Optimization pass 2/2
Pass 2 completed in 0.12 seconds
No improvement in pass 2
Early termination condition detected (continuing anyway)

Note: Early termination would have triggered, but all 2 passes were completed
Best results achieved in pass 0

Applying ZX calculus optimization...
ZX optimization did not improve the circuit

Applying RL-based optimization...
RL optimization did not improve the circuit
Optimized logical depth: 0
Mapping optimized circuit to physical qubits...
Mapping and optimizing circuit for target hardware (optimization level: 3)...
Circuit before mapping: 0 depth, 0 gates
Initial mapping complete: 0 depth, 0 gates
Optimized mapping complete: 0 depth, 0 gates
Mapped circuit successfully respects coupling constraints
Final physical depth: 0
Final physical gates: 0
Logical fidelity (function preservation): 0.900000
Physical fidelity (hardware execution): 1.000000
Respects coupling constraints: True
Depth reduction from pattern-optimized to final: 0.00%
Depth reduction from logical: 0.00%
Depth reduction from naive: 100.00%
Optimization completed in 0.5704 seconds
Circuit text representation saved to toffoli_optimizer_results/circuit_images/original_physical_circuit_20250504_213301.txt
Circuit text representation saved to toffoli_optimizer_results/circuit_images/optimized_logical_circuit_20250504_213301.txt
Circuit text representation saved to toffoli_optimizer_results/circuit_images/final_physical_circuit_20250504_213301.txt

Detailed Circuit Comparison:

=== Circuit Comparison ===
Metric               Original   Mapped     Optimized 
Depth                0          0          0         
Width                8          8          8         
CNOT Count           0          0          0         
T Gate Count         0          0          0         
Single-Qubit Gates   0          0          0         

Logical fidelity (function preservation): 0.900000
Physical fidelity (hardware execution): 1.000000
    Original depth: 20
    Optimized depth: 0
    Depth reduction: 100.00%
    Runtime: 0.70 seconds
Circuit text representation saved to comprehensive_results/Consolidated_ULTRA_DEPTH_REDUCTION_f0.85/optimized_circuit_20250504_213301.txt

  Target fidelity 0.9:
Initializing Toffoli pattern library...
Direct circuit optimization method not available
Falling back to optimize_toffoli_network method

Optimizing Toffoli network with 0 gates on 8 qubits
Using RELATIVE_PHASE_1 implementation
Max optimization passes: 2
Optimization strategy: ULTRA_DEPTH_REDUCTION
Target fidelity: 0.9, Minimum fidelity: 0.8
Pass timeout: 60 seconds
Pattern optimization: Enabled (threshold: 10.0%)
ZX calculus optimization: Enabled
Reinforcement learning optimization: Enabled
Creating logical circuit...
Using 0 valid gates after filtering.
Logical circuit depth: 0
Applying pattern-based optimization...
Pattern-optimized depth: 0 (0.00% reduction)
Naive physical depth: 20
Running optimization passes (max: 2)...
Optimization pass 1/2
Pass 1 completed in 0.13 seconds
No improvement in pass 1
Optimization pass 2/2
Pass 2 completed in 0.12 seconds
No improvement in pass 2
Early termination condition detected (continuing anyway)

Note: Early termination would have triggered, but all 2 passes were completed
Best results achieved in pass 0

Applying ZX calculus optimization...
ZX optimization did not improve the circuit

Applying RL-based optimization...
RL optimization did not improve the circuit
Optimized logical depth: 0
Mapping optimized circuit to physical qubits...
Mapping and optimizing circuit for target hardware (optimization level: 3)...
Circuit before mapping: 0 depth, 0 gates
Initial mapping complete: 0 depth, 0 gates
Optimized mapping complete: 0 depth, 0 gates
Mapped circuit successfully respects coupling constraints
Final physical depth: 0
Final physical gates: 0
Logical fidelity (function preservation): 0.900000
Physical fidelity (hardware execution): 1.000000
Respects coupling constraints: True
Depth reduction from pattern-optimized to final: 0.00%
Depth reduction from logical: 0.00%
Depth reduction from naive: 100.00%
Optimization completed in 0.5750 seconds
Circuit text representation saved to toffoli_optimizer_results/circuit_images/original_physical_circuit_20250504_213302.txt
Circuit text representation saved to toffoli_optimizer_results/circuit_images/optimized_logical_circuit_20250504_213302.txt
Circuit text representation saved to toffoli_optimizer_results/circuit_images/final_physical_circuit_20250504_213302.txt

Detailed Circuit Comparison:

=== Circuit Comparison ===
Metric               Original   Mapped     Optimized 
Depth                0          0          0         
Width                8          8          8         
CNOT Count           0          0          0         
T Gate Count         0          0          0         
Single-Qubit Gates   0          0          0         

Logical fidelity (function preservation): 0.900000
Physical fidelity (hardware execution): 1.000000
    Original depth: 20
    Optimized depth: 0
    Depth reduction: 100.00%
    Runtime: 0.71 seconds
Circuit text representation saved to comprehensive_results/Consolidated_ULTRA_DEPTH_REDUCTION_f0.9/optimized_circuit_20250504_213302.txt

  Target fidelity 0.95:
Initializing Toffoli pattern library...
Direct circuit optimization method not available
Falling back to optimize_toffoli_network method

Optimizing Toffoli network with 0 gates on 8 qubits
Using RELATIVE_PHASE_1 implementation
Max optimization passes: 2
Optimization strategy: ULTRA_DEPTH_REDUCTION
Target fidelity: 0.95, Minimum fidelity: 0.85
Pass timeout: 60 seconds
Pattern optimization: Enabled (threshold: 10.0%)
ZX calculus optimization: Enabled
Reinforcement learning optimization: Enabled
Creating logical circuit...
Using 0 valid gates after filtering.
Logical circuit depth: 0
Applying pattern-based optimization...
Pattern-optimized depth: 0 (0.00% reduction)
Naive physical depth: 20
Running optimization passes (max: 2)...
Optimization pass 1/2
Pass 1 completed in 0.11 seconds
No improvement in pass 1
Optimization pass 2/2
Pass 2 completed in 0.12 seconds
No improvement in pass 2
Early termination condition detected (continuing anyway)

Note: Early termination would have triggered, but all 2 passes were completed
Best results achieved in pass 0

Applying ZX calculus optimization...
ZX optimization did not improve the circuit

Applying RL-based optimization...
RL optimization did not improve the circuit
Optimized logical depth: 0
Mapping optimized circuit to physical qubits...
Mapping and optimizing circuit for target hardware (optimization level: 3)...
Circuit before mapping: 0 depth, 0 gates
Initial mapping complete: 0 depth, 0 gates
Optimized mapping complete: 0 depth, 0 gates
Mapped circuit successfully respects coupling constraints
Final physical depth: 0
Final physical gates: 0
Logical fidelity (function preservation): 0.900000
Physical fidelity (hardware execution): 1.000000
Respects coupling constraints: True
Depth reduction from pattern-optimized to final: 0.00%
Depth reduction from logical: 0.00%
Depth reduction from naive: 100.00%
Optimization completed in 0.5711 seconds
Circuit text representation saved to toffoli_optimizer_results/circuit_images/original_physical_circuit_20250504_213303.txt
Circuit text representation saved to toffoli_optimizer_results/circuit_images/optimized_logical_circuit_20250504_213303.txt
Circuit text representation saved to toffoli_optimizer_results/circuit_images/final_physical_circuit_20250504_213303.txt

Detailed Circuit Comparison:

=== Circuit Comparison ===
Metric               Original   Mapped     Optimized 
Depth                0          0          0         
Width                8          8          8         
CNOT Count           0          0          0         
T Gate Count         0          0          0         
Single-Qubit Gates   0          0          0         

Logical fidelity (function preservation): 0.900000
Physical fidelity (hardware execution): 1.000000
    Original depth: 20
    Optimized depth: 0
    Depth reduction: 100.00%
    Runtime: 0.70 seconds
Circuit text representation saved to comprehensive_results/Consolidated_ULTRA_DEPTH_REDUCTION_f0.95/optimized_circuit_20250504_213303.txt

  Target fidelity 0.99:
Initializing Toffoli pattern library...
Direct circuit optimization method not available
Falling back to optimize_toffoli_network method

Optimizing Toffoli network with 0 gates on 8 qubits
Using RELATIVE_PHASE_1 implementation
Max optimization passes: 2
Optimization strategy: ULTRA_DEPTH_REDUCTION
Target fidelity: 0.99, Minimum fidelity: 0.89
Pass timeout: 60 seconds
Pattern optimization: Enabled (threshold: 10.0%)
ZX calculus optimization: Enabled
Reinforcement learning optimization: Enabled
Creating logical circuit...
Using 0 valid gates after filtering.
Logical circuit depth: 0
Applying pattern-based optimization...
Pattern-optimized depth: 0 (0.00% reduction)
Naive physical depth: 20
Running optimization passes (max: 2)...
Optimization pass 1/2
Pass 1 completed in 0.12 seconds
No improvement in pass 1
Optimization pass 2/2
Pass 2 completed in 0.12 seconds
No improvement in pass 2
Early termination condition detected (continuing anyway)

Note: Early termination would have triggered, but all 2 passes were completed
Best results achieved in pass 0

Applying ZX calculus optimization...
ZX optimization did not improve the circuit

Applying RL-based optimization...
RL optimization did not improve the circuit
Optimized logical depth: 0
Mapping optimized circuit to physical qubits...
Mapping and optimizing circuit for target hardware (optimization level: 3)...
Circuit before mapping: 0 depth, 0 gates
Initial mapping complete: 0 depth, 0 gates
Optimized mapping complete: 0 depth, 0 gates
Mapped circuit successfully respects coupling constraints
Final physical depth: 0
Final physical gates: 0
Logical fidelity (function preservation): 0.900000
Physical fidelity (hardware execution): 1.000000
Respects coupling constraints: True
Depth reduction from pattern-optimized to final: 0.00%
Depth reduction from logical: 0.00%
Depth reduction from naive: 100.00%
Optimization completed in 0.5725 seconds
Circuit text representation saved to toffoli_optimizer_results/circuit_images/original_physical_circuit_20250504_213304.txt
Circuit text representation saved to toffoli_optimizer_results/circuit_images/optimized_logical_circuit_20250504_213304.txt
Circuit text representation saved to toffoli_optimizer_results/circuit_images/final_physical_circuit_20250504_213304.txt

Detailed Circuit Comparison:

=== Circuit Comparison ===
Metric               Original   Mapped     Optimized 
Depth                0          0          0         
Width                8          8          8         
CNOT Count           0          0          0         
T Gate Count         0          0          0         
Single-Qubit Gates   0          0          0         

Logical fidelity (function preservation): 0.900000
Physical fidelity (hardware execution): 1.000000
    Original depth: 20
    Optimized depth: 0
    Depth reduction: 100.00%
    Runtime: 0.70 seconds
Circuit text representation saved to comprehensive_results/Consolidated_ULTRA_DEPTH_REDUCTION_f0.99/optimized_circuit_20250504_213304.txt

Running ConsolidatedToffoliDepthOptimizer with strategy DEPTH_FIDELITY_BALANCE:
  Explicit balancing of depth and fidelity

  Target fidelity 0.85:
Initializing Toffoli pattern library...
Direct circuit optimization method not available
Falling back to optimize_toffoli_network method

Optimizing Toffoli network with 0 gates on 8 qubits
Using RELATIVE_PHASE_1 implementation
Max optimization passes: 2
Optimization strategy: DEPTH_FIDELITY_BALANCE
Target fidelity: 0.85, Minimum fidelity: 0.85
Depth weight: 0.7, Fidelity weight: 0.3
Pass timeout: 60 seconds
Pattern optimization: Enabled (threshold: 10.0%)
ZX calculus optimization: Enabled
Reinforcement learning optimization: Enabled
Creating logical circuit...
Using 0 valid gates after filtering.
Logical circuit depth: 0
Applying pattern-based optimization...
Pattern-optimized depth: 0 (0.00% reduction)
Naive physical depth: 20
Running optimization passes (max: 2)...
Optimization pass 1/2
Pass 1 completed in 0.12 seconds
No improvement in pass 1
Optimization pass 2/2
Pass 2 completed in 0.11 seconds
No improvement in pass 2
Early termination condition detected (continuing anyway)

Note: Early termination would have triggered, but all 2 passes were completed
Best results achieved in pass 0

Applying ZX calculus optimization...
ZX optimization did not improve the circuit

Applying RL-based optimization...
RL optimization did not improve the circuit
Optimized logical depth: 0
Mapping optimized circuit to physical qubits...
Mapping and optimizing circuit for target hardware (optimization level: 3)...
Circuit before mapping: 0 depth, 0 gates
Initial mapping complete: 0 depth, 0 gates
Optimized mapping complete: 0 depth, 0 gates
Mapped circuit successfully respects coupling constraints
Final physical depth: 0
Final physical gates: 0
Logical fidelity (function preservation): 0.900000
Physical fidelity (hardware execution): 1.000000
Respects coupling constraints: True
Depth reduction from pattern-optimized to final: 0.00%
Depth reduction from logical: 0.00%
Depth reduction from naive: 100.00%
Optimization completed in 0.5667 seconds
Circuit text representation saved to toffoli_optimizer_results/circuit_images/original_physical_circuit_20250504_213305.txt
Circuit text representation saved to toffoli_optimizer_results/circuit_images/optimized_logical_circuit_20250504_213305.txt
Circuit text representation saved to toffoli_optimizer_results/circuit_images/final_physical_circuit_20250504_213305.txt

Detailed Circuit Comparison:

=== Circuit Comparison ===
Metric               Original   Mapped     Optimized 
Depth                0          0          0         
Width                8          8          8         
CNOT Count           0          0          0         
T Gate Count         0          0          0         
Single-Qubit Gates   0          0          0         

Logical fidelity (function preservation): 0.900000
Physical fidelity (hardware execution): 1.000000
    Original depth: 20
    Optimized depth: 0
    Depth reduction: 100.00%
    Runtime: 0.70 seconds
Circuit text representation saved to comprehensive_results/Consolidated_DEPTH_FIDELITY_BALANCE_f0.85/optimized_circuit_20250504_213305.txt

  Target fidelity 0.9:
Initializing Toffoli pattern library...
Direct circuit optimization method not available
Falling back to optimize_toffoli_network method

Optimizing Toffoli network with 0 gates on 8 qubits
Using RELATIVE_PHASE_1 implementation
Max optimization passes: 2
Optimization strategy: DEPTH_FIDELITY_BALANCE
Target fidelity: 0.9, Minimum fidelity: 0.9
Depth weight: 0.7, Fidelity weight: 0.3
Pass timeout: 60 seconds
Pattern optimization: Enabled (threshold: 10.0%)
ZX calculus optimization: Enabled
Reinforcement learning optimization: Enabled
Creating logical circuit...
Using 0 valid gates after filtering.
Logical circuit depth: 0
Applying pattern-based optimization...
Pattern-optimized depth: 0 (0.00% reduction)
Naive physical depth: 20
Running optimization passes (max: 2)...
Optimization pass 1/2
Pass 1 completed in 0.13 seconds
No improvement in pass 1
Optimization pass 2/2
Pass 2 completed in 0.11 seconds
No improvement in pass 2
Early termination condition detected (continuing anyway)

Note: Early termination would have triggered, but all 2 passes were completed
Best results achieved in pass 0

Applying ZX calculus optimization...
ZX optimization did not improve the circuit

Applying RL-based optimization...
RL optimization did not improve the circuit
Optimized logical depth: 0
Mapping optimized circuit to physical qubits...
Mapping and optimizing circuit for target hardware (optimization level: 3)...
Circuit before mapping: 0 depth, 0 gates
Initial mapping complete: 0 depth, 0 gates
Optimized mapping complete: 0 depth, 0 gates
Mapped circuit successfully respects coupling constraints
Final physical depth: 0
Final physical gates: 0
Logical fidelity (function preservation): 0.900000
Physical fidelity (hardware execution): 1.000000
Respects coupling constraints: True
Depth reduction from pattern-optimized to final: 0.00%
Depth reduction from logical: 0.00%
Depth reduction from naive: 100.00%
Optimization completed in 0.5712 seconds
Circuit text representation saved to toffoli_optimizer_results/circuit_images/original_physical_circuit_20250504_213306.txt
Circuit text representation saved to toffoli_optimizer_results/circuit_images/optimized_logical_circuit_20250504_213306.txt
Circuit text representation saved to toffoli_optimizer_results/circuit_images/final_physical_circuit_20250504_213306.txt

Detailed Circuit Comparison:

=== Circuit Comparison ===
Metric               Original   Mapped     Optimized 
Depth                0          0          0         
Width                8          8          8         
CNOT Count           0          0          0         
T Gate Count         0          0          0         
Single-Qubit Gates   0          0          0         

Logical fidelity (function preservation): 0.900000
Physical fidelity (hardware execution): 1.000000
    Original depth: 20
    Optimized depth: 0
    Depth reduction: 100.00%
    Runtime: 0.70 seconds
Circuit text representation saved to comprehensive_results/Consolidated_DEPTH_FIDELITY_BALANCE_f0.9/optimized_circuit_20250504_213307.txt

  Target fidelity 0.95:
Initializing Toffoli pattern library...
Direct circuit optimization method not available
Falling back to optimize_toffoli_network method

Optimizing Toffoli network with 0 gates on 8 qubits
Using RELATIVE_PHASE_1 implementation
Max optimization passes: 2
Optimization strategy: DEPTH_FIDELITY_BALANCE
Target fidelity: 0.95, Minimum fidelity: 0.95
Depth weight: 0.7, Fidelity weight: 0.3
Pass timeout: 60 seconds
Pattern optimization: Enabled (threshold: 10.0%)
ZX calculus optimization: Enabled
Reinforcement learning optimization: Enabled
Creating logical circuit...
Using 0 valid gates after filtering.
Logical circuit depth: 0
Applying pattern-based optimization...
Pattern-optimized depth: 0 (0.00% reduction)
Naive physical depth: 20
Running optimization passes (max: 2)...
Optimization pass 1/2
Pass 1 completed in 0.11 seconds
No improvement in pass 1
Optimization pass 2/2
Pass 2 completed in 0.12 seconds
No improvement in pass 2
Early termination condition detected (continuing anyway)

Note: Early termination would have triggered, but all 2 passes were completed
Best results achieved in pass 0

Applying ZX calculus optimization...
ZX optimization did not improve the circuit

Applying RL-based optimization...
RL optimization did not improve the circuit
Optimized logical depth: 0
Mapping optimized circuit to physical qubits...
Mapping and optimizing circuit for target hardware (optimization level: 3)...
Circuit before mapping: 0 depth, 0 gates
Initial mapping complete: 0 depth, 0 gates
Optimized mapping complete: 0 depth, 0 gates
Mapped circuit successfully respects coupling constraints
Final physical depth: 0
Final physical gates: 0
Logical fidelity (function preservation): 0.900000
Physical fidelity (hardware execution): 1.000000
Respects coupling constraints: True
Depth reduction from pattern-optimized to final: 0.00%
Depth reduction from logical: 0.00%
Depth reduction from naive: 100.00%
Optimization completed in 0.5598 seconds
Circuit text representation saved to toffoli_optimizer_results/circuit_images/original_physical_circuit_20250504_213307.txt
Circuit text representation saved to toffoli_optimizer_results/circuit_images/optimized_logical_circuit_20250504_213308.txt
Circuit text representation saved to toffoli_optimizer_results/circuit_images/final_physical_circuit_20250504_213308.txt

Detailed Circuit Comparison:

=== Circuit Comparison ===
Metric               Original   Mapped     Optimized 
Depth                0          0          0         
Width                8          8          8         
CNOT Count           0          0          0         
T Gate Count         0          0          0         
Single-Qubit Gates   0          0          0         

Logical fidelity (function preservation): 0.900000
Physical fidelity (hardware execution): 1.000000
    Original depth: 20
    Optimized depth: 0
    Depth reduction: 100.00%
    Runtime: 0.69 seconds
Circuit text representation saved to comprehensive_results/Consolidated_DEPTH_FIDELITY_BALANCE_f0.95/optimized_circuit_20250504_213308.txt

  Target fidelity 0.99:
Initializing Toffoli pattern library...
Direct circuit optimization method not available
Falling back to optimize_toffoli_network method

Optimizing Toffoli network with 0 gates on 8 qubits
Using RELATIVE_PHASE_1 implementation
Max optimization passes: 2
Optimization strategy: DEPTH_FIDELITY_BALANCE
Target fidelity: 0.99, Minimum fidelity: 0.99
Depth weight: 0.7, Fidelity weight: 0.3
Pass timeout: 60 seconds
Pattern optimization: Enabled (threshold: 10.0%)
ZX calculus optimization: Enabled
Reinforcement learning optimization: Enabled
Creating logical circuit...
Using 0 valid gates after filtering.
Logical circuit depth: 0
Applying pattern-based optimization...
Pattern-optimized depth: 0 (0.00% reduction)
Naive physical depth: 20
Running optimization passes (max: 2)...
Optimization pass 1/2
Pass 1 completed in 0.11 seconds
No improvement in pass 1
Optimization pass 2/2
Pass 2 completed in 0.12 seconds
No improvement in pass 2
Early termination condition detected (continuing anyway)

Note: Early termination would have triggered, but all 2 passes were completed
Best results achieved in pass 0

Applying ZX calculus optimization...
ZX optimization did not improve the circuit

Applying RL-based optimization...
RL optimization did not improve the circuit
Optimized logical depth: 0
Mapping optimized circuit to physical qubits...
Mapping and optimizing circuit for target hardware (optimization level: 3)...
Circuit before mapping: 0 depth, 0 gates
Initial mapping complete: 0 depth, 0 gates
Optimized mapping complete: 0 depth, 0 gates
Mapped circuit successfully respects coupling constraints
Final physical depth: 0
Final physical gates: 0
Logical fidelity (function preservation): 0.900000
Physical fidelity (hardware execution): 1.000000
Respects coupling constraints: True
Depth reduction from pattern-optimized to final: 0.00%
Depth reduction from logical: 0.00%
Depth reduction from naive: 100.00%
Optimization completed in 0.5566 seconds
Circuit text representation saved to toffoli_optimizer_results/circuit_images/original_physical_circuit_20250504_213309.txt
Circuit text representation saved to toffoli_optimizer_results/circuit_images/optimized_logical_circuit_20250504_213309.txt
Circuit text representation saved to toffoli_optimizer_results/circuit_images/final_physical_circuit_20250504_213309.txt

Detailed Circuit Comparison:

=== Circuit Comparison ===
Metric               Original   Mapped     Optimized 
Depth                0          0          0         
Width                8          8          8         
CNOT Count           0          0          0         
T Gate Count         0          0          0         
Single-Qubit Gates   0          0          0         

Logical fidelity (function preservation): 0.900000
Physical fidelity (hardware execution): 1.000000
    Original depth: 20
    Optimized depth: 0
    Depth reduction: 100.00%
    Runtime: 0.68 seconds
Circuit text representation saved to comprehensive_results/Consolidated_DEPTH_FIDELITY_BALANCE_f0.99/optimized_circuit_20250504_213309.txt

Running ConsolidatedToffoliDepthOptimizer with strategy HYBRID:
  Combined approach using multiple techniques

  Target fidelity 0.85:
Initializing Toffoli pattern library...
Direct circuit optimization method not available
Falling back to optimize_toffoli_network method

Optimizing Toffoli network with 0 gates on 8 qubits
Using RELATIVE_PHASE_1 implementation
Max optimization passes: 2
Optimization strategy: HYBRID
Target fidelity: 0.85
Pass timeout: 60 seconds
Pattern optimization: Enabled (threshold: 10.0%)
ZX calculus optimization: Enabled
Reinforcement learning optimization: Enabled
Creating logical circuit...
Using 0 valid gates after filtering.
Logical circuit depth: 0
Applying pattern-based optimization...
Pattern-optimized depth: 0 (0.00% reduction)
Naive physical depth: 20
Running optimization passes (max: 2)...
Optimization pass 1/2
Pass 1 completed in 0.10 seconds
No improvement in pass 1
Optimization pass 2/2
Pass 2 completed in 0.10 seconds
No improvement in pass 2
Early termination condition detected (continuing anyway)

Note: Early termination would have triggered, but all 2 passes were completed
Best results achieved in pass 0

Applying ZX calculus optimization...
ZX optimization did not improve the circuit

Applying RL-based optimization...
RL optimization did not improve the circuit
Optimized logical depth: 0
Mapping optimized circuit to physical qubits...
Mapping and optimizing circuit for target hardware (optimization level: 3)...
Circuit before mapping: 0 depth, 0 gates
Initial mapping complete: 0 depth, 0 gates
Optimized mapping complete: 0 depth, 0 gates
Mapped circuit successfully respects coupling constraints
Final physical depth: 0
Final physical gates: 0
Logical fidelity (function preservation): 0.900000
Physical fidelity (hardware execution): 1.000000
Respects coupling constraints: True
Depth reduction from pattern-optimized to final: 0.00%
Depth reduction from logical: 0.00%
Depth reduction from naive: 100.00%
Optimization completed in 0.5177 seconds
Circuit text representation saved to toffoli_optimizer_results/circuit_images/original_physical_circuit_20250504_213310.txt
Circuit text representation saved to toffoli_optimizer_results/circuit_images/optimized_logical_circuit_20250504_213310.txt
Circuit text representation saved to toffoli_optimizer_results/circuit_images/final_physical_circuit_20250504_213310.txt

Detailed Circuit Comparison:

=== Circuit Comparison ===
Metric               Original   Mapped     Optimized 
Depth                0          0          0         
Width                8          8          8         
CNOT Count           0          0          0         
T Gate Count         0          0          0         
Single-Qubit Gates   0          0          0         

Logical fidelity (function preservation): 0.900000
Physical fidelity (hardware execution): 1.000000
    Original depth: 20
    Optimized depth: 0
    Depth reduction: 100.00%
    Runtime: 0.65 seconds
Circuit text representation saved to comprehensive_results/Consolidated_HYBRID_f0.85/optimized_circuit_20250504_213310.txt

  Target fidelity 0.9:
Initializing Toffoli pattern library...
Direct circuit optimization method not available
Falling back to optimize_toffoli_network method

Optimizing Toffoli network with 0 gates on 8 qubits
Using RELATIVE_PHASE_1 implementation
Max optimization passes: 2
Optimization strategy: HYBRID
Target fidelity: 0.9
Pass timeout: 60 seconds
Pattern optimization: Enabled (threshold: 10.0%)
ZX calculus optimization: Enabled
Reinforcement learning optimization: Enabled
Creating logical circuit...
Using 0 valid gates after filtering.
Logical circuit depth: 0
Applying pattern-based optimization...
Pattern-optimized depth: 0 (0.00% reduction)
Naive physical depth: 20
Running optimization passes (max: 2)...
Optimization pass 1/2
Pass 1 completed in 0.10 seconds
No improvement in pass 1
Optimization pass 2/2
Pass 2 completed in 0.10 seconds
No improvement in pass 2
Early termination condition detected (continuing anyway)

Note: Early termination would have triggered, but all 2 passes were completed
Best results achieved in pass 0

Applying ZX calculus optimization...
ZX optimization did not improve the circuit

Applying RL-based optimization...
RL optimization did not improve the circuit
Optimized logical depth: 0
Mapping optimized circuit to physical qubits...
Mapping and optimizing circuit for target hardware (optimization level: 3)...
Circuit before mapping: 0 depth, 0 gates
Initial mapping complete: 0 depth, 0 gates
Optimized mapping complete: 0 depth, 0 gates
Mapped circuit successfully respects coupling constraints
Final physical depth: 0
Final physical gates: 0
Logical fidelity (function preservation): 0.900000
Physical fidelity (hardware execution): 1.000000
Respects coupling constraints: True
Depth reduction from pattern-optimized to final: 0.00%
Depth reduction from logical: 0.00%
Depth reduction from naive: 100.00%
Optimization completed in 0.5369 seconds
Circuit text representation saved to toffoli_optimizer_results/circuit_images/original_physical_circuit_20250504_213311.txt
Circuit text representation saved to toffoli_optimizer_results/circuit_images/optimized_logical_circuit_20250504_213311.txt
Circuit text representation saved to toffoli_optimizer_results/circuit_images/final_physical_circuit_20250504_213311.txt

Detailed Circuit Comparison:

=== Circuit Comparison ===
Metric               Original   Mapped     Optimized 
Depth                0          0          0         
Width                8          8          8         
CNOT Count           0          0          0         
T Gate Count         0          0          0         
Single-Qubit Gates   0          0          0         

Logical fidelity (function preservation): 0.900000
Physical fidelity (hardware execution): 1.000000
    Original depth: 20
    Optimized depth: 0
    Depth reduction: 100.00%
    Runtime: 0.67 seconds
Circuit text representation saved to comprehensive_results/Consolidated_HYBRID_f0.9/optimized_circuit_20250504_213311.txt

  Target fidelity 0.95:
Initializing Toffoli pattern library...
Direct circuit optimization method not available
Falling back to optimize_toffoli_network method

Optimizing Toffoli network with 0 gates on 8 qubits
Using RELATIVE_PHASE_1 implementation
Max optimization passes: 2
Optimization strategy: HYBRID
Target fidelity: 0.95
Pass timeout: 60 seconds
Pattern optimization: Enabled (threshold: 10.0%)
ZX calculus optimization: Enabled
Reinforcement learning optimization: Enabled
Creating logical circuit...
Using 0 valid gates after filtering.
Logical circuit depth: 0
Applying pattern-based optimization...
Pattern-optimized depth: 0 (0.00% reduction)
Naive physical depth: 20
Running optimization passes (max: 2)...
Optimization pass 1/2
Pass 1 completed in 0.10 seconds
No improvement in pass 1
Optimization pass 2/2
Pass 2 completed in 0.10 seconds
No improvement in pass 2
Early termination condition detected (continuing anyway)

Note: Early termination would have triggered, but all 2 passes were completed
Best results achieved in pass 0

Applying ZX calculus optimization...
ZX optimization did not improve the circuit

Applying RL-based optimization...
RL optimization did not improve the circuit
Optimized logical depth: 0
Mapping optimized circuit to physical qubits...
Mapping and optimizing circuit for target hardware (optimization level: 3)...
Circuit before mapping: 0 depth, 0 gates
Initial mapping complete: 0 depth, 0 gates
Optimized mapping complete: 0 depth, 0 gates
Mapped circuit successfully respects coupling constraints
Final physical depth: 0
Final physical gates: 0
Logical fidelity (function preservation): 0.900000
Physical fidelity (hardware execution): 1.000000
Respects coupling constraints: True
Depth reduction from pattern-optimized to final: 0.00%
Depth reduction from logical: 0.00%
Depth reduction from naive: 100.00%
Optimization completed in 0.5234 seconds
Circuit text representation saved to toffoli_optimizer_results/circuit_images/original_physical_circuit_20250504_213312.txt
Circuit text representation saved to toffoli_optimizer_results/circuit_images/optimized_logical_circuit_20250504_213312.txt
Circuit text representation saved to toffoli_optimizer_results/circuit_images/final_physical_circuit_20250504_213312.txt

Detailed Circuit Comparison:

=== Circuit Comparison ===
Metric               Original   Mapped     Optimized 
Depth                0          0          0         
Width                8          8          8         
CNOT Count           0          0          0         
T Gate Count         0          0          0         
Single-Qubit Gates   0          0          0         

Logical fidelity (function preservation): 0.900000
Physical fidelity (hardware execution): 1.000000
    Original depth: 20
    Optimized depth: 0
    Depth reduction: 100.00%
    Runtime: 0.65 seconds
Circuit text representation saved to comprehensive_results/Consolidated_HYBRID_f0.95/optimized_circuit_20250504_213312.txt

  Target fidelity 0.99:
Initializing Toffoli pattern library...
Direct circuit optimization method not available
Falling back to optimize_toffoli_network method

Optimizing Toffoli network with 0 gates on 8 qubits
Using RELATIVE_PHASE_1 implementation
Max optimization passes: 2
Optimization strategy: HYBRID
Target fidelity: 0.99
Pass timeout: 60 seconds
Pattern optimization: Enabled (threshold: 10.0%)
ZX calculus optimization: Enabled
Reinforcement learning optimization: Enabled
Creating logical circuit...
Using 0 valid gates after filtering.
Logical circuit depth: 0
Applying pattern-based optimization...
Pattern-optimized depth: 0 (0.00% reduction)
Naive physical depth: 20
Running optimization passes (max: 2)...
Optimization pass 1/2
Pass 1 completed in 0.10 seconds
No improvement in pass 1
Optimization pass 2/2
Pass 2 completed in 0.11 seconds
No improvement in pass 2
Early termination condition detected (continuing anyway)

Note: Early termination would have triggered, but all 2 passes were completed
Best results achieved in pass 0

Applying ZX calculus optimization...
ZX optimization did not improve the circuit

Applying RL-based optimization...
RL optimization did not improve the circuit
Optimized logical depth: 0
Mapping optimized circuit to physical qubits...
Mapping and optimizing circuit for target hardware (optimization level: 3)...
Circuit before mapping: 0 depth, 0 gates
Initial mapping complete: 0 depth, 0 gates
Optimized mapping complete: 0 depth, 0 gates
Mapped circuit successfully respects coupling constraints
Final physical depth: 0
Final physical gates: 0
Logical fidelity (function preservation): 0.900000
Physical fidelity (hardware execution): 1.000000
Respects coupling constraints: True
Depth reduction from pattern-optimized to final: 0.00%
Depth reduction from logical: 0.00%
Depth reduction from naive: 100.00%
Optimization completed in 0.5604 seconds
Circuit text representation saved to toffoli_optimizer_results/circuit_images/original_physical_circuit_20250504_213313.txt
Circuit text representation saved to toffoli_optimizer_results/circuit_images/optimized_logical_circuit_20250504_213313.txt
Circuit text representation saved to toffoli_optimizer_results/circuit_images/final_physical_circuit_20250504_213313.txt

Detailed Circuit Comparison:

=== Circuit Comparison ===
Metric               Original   Mapped     Optimized 
Depth                0          0          0         
Width                8          8          8         
CNOT Count           0          0          0         
T Gate Count         0          0          0         
Single-Qubit Gates   0          0          0         

Logical fidelity (function preservation): 0.900000
Physical fidelity (hardware execution): 1.000000
    Original depth: 20
    Optimized depth: 0
    Depth reduction: 100.00%
    Runtime: 0.69 seconds
Circuit text representation saved to comprehensive_results/Consolidated_HYBRID_f0.99/optimized_circuit_20250504_213313.txt

=== Running RL Optimization ===

Running RL optimization with target fidelity 0.85...
  RL Optimization trial 1/5...
  RL Optimization trial 2/5...
  RL Optimization trial 3/5...
  RL Optimization trial 4/5...
  RL Optimization trial 5/5...
  Target fidelity 0.85:
    Original depth: 20
    Optimized depth: 20
    Depth reduction: 0.00%
    Runtime: 0.00 seconds
Circuit text representation saved to comprehensive_results/RL_Optimizer_f0.85/optimized_circuit_20250504_213313.txt

Running RL optimization with target fidelity 0.9...
  RL Optimization trial 1/5...
  RL Optimization trial 2/5...
  RL Optimization trial 3/5...
  RL Optimization trial 4/5...
  RL Optimization trial 5/5...
  Target fidelity 0.9:
    Original depth: 20
    Optimized depth: 20
    Depth reduction: 0.00%
    Runtime: 0.00 seconds
Circuit text representation saved to comprehensive_results/RL_Optimizer_f0.9/optimized_circuit_20250504_213313.txt

Running RL optimization with target fidelity 0.95...
  RL Optimization trial 1/5...
  RL Optimization trial 2/5...
  RL Optimization trial 3/5...
  RL Optimization trial 4/5...
  RL Optimization trial 5/5...
  Target fidelity 0.95:
    Original depth: 20
    Optimized depth: 20
    Depth reduction: 0.00%
    Runtime: 0.00 seconds
Circuit text representation saved to comprehensive_results/RL_Optimizer_f0.95/optimized_circuit_20250504_213313.txt

Running RL optimization with target fidelity 0.99...
  RL Optimization trial 1/5...
  RL Optimization trial 2/5...
  RL Optimization trial 3/5...
  RL Optimization trial 4/5...
  RL Optimization trial 5/5...
  Target fidelity 0.99:
    Original depth: 20
    Optimized depth: 20
    Depth reduction: 0.00%
    Runtime: 0.00 seconds
Circuit text representation saved to comprehensive_results/RL_Optimizer_f0.99/optimized_circuit_20250504_213313.txt

=== Running ZX Optimization ===

Running ZX optimization with target fidelity 0.85...
  Target fidelity 0.85:
    Original depth: 20
    Optimized depth: 20
    Depth reduction: 0.00%
    Runtime: 0.01 seconds
Circuit text representation saved to comprehensive_results/ZX_Optimizer_f0.85/optimized_circuit_20250504_213313.txt

Running ZX optimization with target fidelity 0.9...
  Target fidelity 0.9:
    Original depth: 20
    Optimized depth: 20
    Depth reduction: 0.00%
    Runtime: 0.01 seconds
Circuit text representation saved to comprehensive_results/ZX_Optimizer_f0.9/optimized_circuit_20250504_213313.txt

Running ZX optimization with target fidelity 0.95...
  Target fidelity 0.95:
    Original depth: 20
    Optimized depth: 20
    Depth reduction: 0.00%
    Runtime: 0.01 seconds
Circuit text representation saved to comprehensive_results/ZX_Optimizer_f0.95/optimized_circuit_20250504_213313.txt

Running ZX optimization with target fidelity 0.99...
  Target fidelity 0.99:
    Original depth: 20
    Optimized depth: 20
    Depth reduction: 0.00%
    Runtime: 0.01 seconds
Circuit text representation saved to comprehensive_results/ZX_Optimizer_f0.99/optimized_circuit_20250504_213313.txt
Results saved to comprehensive_results/results.json
Results table saved to comprehensive_results/results_table.txt
Comparison chart saved to comprehensive_results/optimization_comparison.png

Optimization sweep completed successfully!
Successfully imported ShiftExperiment_FlowControl from scripts directory
Warning: Qiskit not available. Circuit optimization will be limited.
Warning: Qiskit not available. RL optimization will be limited.
Successfully imported ToffoliCompiler
Successfully imported RLToffoliOptimizer
Successfully imported ZXOptimizer
Successfully imported ConsolidatedToffoliDepthOptimizer
Successfully imported I/O utilities
Successfully imported circuit utilities
Successfully imported visualization utilities
Qiskit version: 2.0.0
Detected Qiskit 2.0+
Generating Toffoli network with qubits=3, ancillas=5, controlling_anc=3
Circuit created with 8 qubits and 4 classical bits
Extracted 49 Toffoli gates from circuit
Input qubits: [3, 5, 6, 7]
Output qubits: [7, 6, 5, 3]
Total qubits: 8
Using 49 valid gates after filtering.
Circuit created with depth 49, 49 gates, 8 qubits
Running optimization sweep for circuit with 49 gates on 8 qubits
Target topology: falcon
Number of trials: 5
Target fidelities: [0.85, 0.9, 0.95, 0.99]
Circuit has depth 49
Circuit text representation saved to comprehensive_results/original/original_circuit_20250504_214150.txt

=== Running Qiskit Transpiler Optimization ===

Running transpiler with optimization level 1...
  Level 1, Fidelity 0.85:
    Original depth: 49
    Optimized depth: 49
    Depth reduction: 0.00%
    Runtime: 0.05 seconds
Circuit text representation saved to comprehensive_results/Transpile_L1_f0.85/optimized_circuit_20250504_214150.txt
  Level 1, Fidelity 0.9:
    Original depth: 49
    Optimized depth: 49
    Depth reduction: 0.00%
    Runtime: 0.05 seconds
Circuit text representation saved to comprehensive_results/Transpile_L1_f0.9/optimized_circuit_20250504_214150.txt
  Level 1, Fidelity 0.95:
    Original depth: 49
    Optimized depth: 49
    Depth reduction: 0.00%
    Runtime: 0.01 seconds
Circuit text representation saved to comprehensive_results/Transpile_L1_f0.95/optimized_circuit_20250504_214150.txt
  Level 1, Fidelity 0.99:
    Original depth: 49
    Optimized depth: 49
    Depth reduction: 0.00%
    Runtime: 0.02 seconds
Circuit text representation saved to comprehensive_results/Transpile_L1_f0.99/optimized_circuit_20250504_214150.txt

Running transpiler with optimization level 2...
  Level 2, Fidelity 0.85:
    Original depth: 49
    Optimized depth: 49
    Depth reduction: 0.00%
    Runtime: 0.06 seconds
Circuit text representation saved to comprehensive_results/Transpile_L2_f0.85/optimized_circuit_20250504_214151.txt
  Level 2, Fidelity 0.9:
    Original depth: 49
    Optimized depth: 49
    Depth reduction: 0.00%
    Runtime: 0.02 seconds
Circuit text representation saved to comprehensive_results/Transpile_L2_f0.9/optimized_circuit_20250504_214151.txt
  Level 2, Fidelity 0.95:
    Original depth: 49
    Optimized depth: 49
    Depth reduction: 0.00%
    Runtime: 0.03 seconds
Circuit text representation saved to comprehensive_results/Transpile_L2_f0.95/optimized_circuit_20250504_214151.txt
  Level 2, Fidelity 0.99:
    Original depth: 49
    Optimized depth: 49
    Depth reduction: 0.00%
    Runtime: 0.02 seconds
Circuit text representation saved to comprehensive_results/Transpile_L2_f0.99/optimized_circuit_20250504_214151.txt

Running transpiler with optimization level 3...
  Level 3, Fidelity 0.85:
    Original depth: 49
    Optimized depth: 49
    Depth reduction: 0.00%
    Runtime: 0.04 seconds
Circuit text representation saved to comprehensive_results/Transpile_L3_f0.85/optimized_circuit_20250504_214151.txt
  Level 3, Fidelity 0.9:
    Original depth: 49
    Optimized depth: 49
    Depth reduction: 0.00%
    Runtime: 0.04 seconds
Circuit text representation saved to comprehensive_results/Transpile_L3_f0.9/optimized_circuit_20250504_214151.txt
  Level 3, Fidelity 0.95:
    Original depth: 49
    Optimized depth: 49
    Depth reduction: 0.00%
    Runtime: 0.06 seconds
Circuit text representation saved to comprehensive_results/Transpile_L3_f0.95/optimized_circuit_20250504_214151.txt
  Level 3, Fidelity 0.99:
    Original depth: 49
    Optimized depth: 49
    Depth reduction: 0.00%
    Runtime: 0.06 seconds
Circuit text representation saved to comprehensive_results/Transpile_L3_f0.99/optimized_circuit_20250504_214151.txt

=== Running ConsolidatedToffoliDepthOptimizer with Different Strategies ===

Running ConsolidatedToffoliDepthOptimizer with strategy STANDARD:
  Standard optimization balancing depth and fidelity

  Target fidelity 0.85:
Initializing Toffoli pattern library...
Direct circuit optimization method not available
No Toffoli gates found for fallback, using example gates
Falling back to optimize_toffoli_network method

Optimizing Toffoli network with 4 gates on 8 qubits
Using RELATIVE_PHASE_1 implementation
Max optimization passes: 2
Optimization strategy: STANDARD
Target fidelity: 0.85
Pass timeout: 60 seconds
Pattern optimization: Enabled (threshold: 10.0%)
ZX calculus optimization: Enabled
Reinforcement learning optimization: Enabled
Creating logical circuit...
Using 4 valid gates after filtering.
Logical circuit depth: 20
Applying pattern-based optimization...
Pattern-optimized depth: 20 (0.00% reduction)
Naive physical depth: 49
Running optimization passes (max: 2)...
Optimization pass 1/2
Pass 1 completed in 0.11 seconds
No improvement in pass 1
Optimization pass 2/2
Pass 2 completed in 0.11 seconds
No improvement in pass 2
Early termination condition detected (continuing anyway)

Note: Early termination would have triggered, but all 2 passes were completed
Best results achieved in pass 0

Applying ZX calculus optimization...
ZX optimization did not improve the circuit

Applying RL-based optimization...
RL optimization did not improve the circuit
Optimized logical depth: 20
Mapping optimized circuit to physical qubits...
Mapping and optimizing circuit for target hardware (optimization level: 3)...
Circuit before mapping: 20 depth, 28 gates
Initial mapping complete: 22 depth, 44 gates
Optimized mapping complete: 20 depth, 40 gates
Mapped circuit successfully respects coupling constraints
Final physical depth: 20
Final physical gates: 40
Logical fidelity (function preservation): 0.900000
Physical fidelity (hardware execution): 0.827933
Respects coupling constraints: True
Depth reduction from pattern-optimized to final: 0.00%
Depth reduction from logical: 0.00%
Depth reduction from naive: 59.18%
Optimization completed in 0.5847 seconds
Circuit text representation saved to toffoli_optimizer_results/circuit_images/original_physical_circuit_20250504_214153.txt
Circuit text representation saved to toffoli_optimizer_results/circuit_images/optimized_logical_circuit_20250504_214153.txt
Circuit text representation saved to toffoli_optimizer_results/circuit_images/final_physical_circuit_20250504_214153.txt

Detailed Circuit Comparison:

=== Circuit Comparison ===
Metric               Original   Mapped     Optimized 
Depth                20         20         20        
Width                8          8          8         
CNOT Count           20         16         20        
T Gate Count         0          0          0         
Single-Qubit Gates   8          16         8         

Logical fidelity (function preservation): 1.000000
Physical fidelity (hardware execution): 0.951541
Optimization gate reduction: 0.00%
Optimization depth reduction: 0.00%
    Original depth: 49
    Optimized depth: 20
    Depth reduction: 59.18%
    Runtime: 0.95 seconds
Circuit text representation saved to comprehensive_results/Consolidated_STANDARD_f0.85/optimized_circuit_20250504_214153.txt

  Target fidelity 0.9:
Initializing Toffoli pattern library...
Direct circuit optimization method not available
No Toffoli gates found for fallback, using example gates
Falling back to optimize_toffoli_network method

Optimizing Toffoli network with 4 gates on 8 qubits
Using RELATIVE_PHASE_1 implementation
Max optimization passes: 2
Optimization strategy: STANDARD
Target fidelity: 0.9
Pass timeout: 60 seconds
Pattern optimization: Enabled (threshold: 10.0%)
ZX calculus optimization: Enabled
Reinforcement learning optimization: Enabled
Creating logical circuit...
Using 4 valid gates after filtering.
Logical circuit depth: 20
Applying pattern-based optimization...
Pattern-optimized depth: 20 (0.00% reduction)
Naive physical depth: 49
Running optimization passes (max: 2)...
Optimization pass 1/2
Pass 1 completed in 0.11 seconds
No improvement in pass 1
Optimization pass 2/2
Pass 2 completed in 0.12 seconds
No improvement in pass 2
Early termination condition detected (continuing anyway)

Note: Early termination would have triggered, but all 2 passes were completed
Best results achieved in pass 0

Applying ZX calculus optimization...
ZX optimization did not improve the circuit

Applying RL-based optimization...
RL optimization did not improve the circuit
Optimized logical depth: 20
Mapping optimized circuit to physical qubits...
Mapping and optimizing circuit for target hardware (optimization level: 3)...
Circuit before mapping: 20 depth, 28 gates
Initial mapping complete: 22 depth, 44 gates
Optimized mapping complete: 20 depth, 40 gates
Mapped circuit successfully respects coupling constraints
Final physical depth: 20
Final physical gates: 40
Logical fidelity (function preservation): 0.900000
Physical fidelity (hardware execution): 0.827933
Respects coupling constraints: True
Depth reduction from pattern-optimized to final: 0.00%
Depth reduction from logical: 0.00%
Depth reduction from naive: 59.18%
Optimization completed in 0.5712 seconds
Circuit text representation saved to toffoli_optimizer_results/circuit_images/original_physical_circuit_20250504_214154.txt
Circuit text representation saved to toffoli_optimizer_results/circuit_images/optimized_logical_circuit_20250504_214154.txt
Circuit text representation saved to toffoli_optimizer_results/circuit_images/final_physical_circuit_20250504_214154.txt

Detailed Circuit Comparison:

=== Circuit Comparison ===
Metric               Original   Mapped     Optimized 
Depth                20         20         20        
Width                8          8          8         
CNOT Count           20         16         20        
T Gate Count         0          0          0         
Single-Qubit Gates   8          16         8         

Logical fidelity (function preservation): 1.000000
Physical fidelity (hardware execution): 0.951541
Optimization gate reduction: 0.00%
Optimization depth reduction: 0.00%
    Original depth: 49
    Optimized depth: 20
    Depth reduction: 59.18%
    Runtime: 0.89 seconds
Circuit text representation saved to comprehensive_results/Consolidated_STANDARD_f0.9/optimized_circuit_20250504_214154.txt

  Target fidelity 0.95:
Initializing Toffoli pattern library...
Direct circuit optimization method not available
No Toffoli gates found for fallback, using example gates
Falling back to optimize_toffoli_network method

Optimizing Toffoli network with 4 gates on 8 qubits
Using RELATIVE_PHASE_1 implementation
Max optimization passes: 2
Optimization strategy: STANDARD
Target fidelity: 0.95
Pass timeout: 60 seconds
Pattern optimization: Enabled (threshold: 10.0%)
ZX calculus optimization: Enabled
Reinforcement learning optimization: Enabled
Creating logical circuit...
Using 4 valid gates after filtering.
Logical circuit depth: 20
Applying pattern-based optimization...
Pattern-optimized depth: 20 (0.00% reduction)
Naive physical depth: 49
Running optimization passes (max: 2)...
Optimization pass 1/2
Pass 1 completed in 0.11 seconds
No improvement in pass 1
Optimization pass 2/2
Pass 2 completed in 0.11 seconds
No improvement in pass 2
Early termination condition detected (continuing anyway)

Note: Early termination would have triggered, but all 2 passes were completed
Best results achieved in pass 0

Applying ZX calculus optimization...
ZX optimization did not improve the circuit

Applying RL-based optimization...
RL optimization did not improve the circuit
Optimized logical depth: 20
Mapping optimized circuit to physical qubits...
Mapping and optimizing circuit for target hardware (optimization level: 3)...
Circuit before mapping: 20 depth, 28 gates
Initial mapping complete: 22 depth, 44 gates
Optimized mapping complete: 20 depth, 40 gates
Mapped circuit successfully respects coupling constraints
Final physical depth: 20
Final physical gates: 40
Logical fidelity (function preservation): 0.900000
Physical fidelity (hardware execution): 0.827933
Respects coupling constraints: True
Depth reduction from pattern-optimized to final: 0.00%
Depth reduction from logical: 0.00%
Depth reduction from naive: 59.18%
Optimization completed in 0.5647 seconds
Circuit text representation saved to toffoli_optimizer_results/circuit_images/original_physical_circuit_20250504_214155.txt
Circuit text representation saved to toffoli_optimizer_results/circuit_images/optimized_logical_circuit_20250504_214155.txt
Circuit text representation saved to toffoli_optimizer_results/circuit_images/final_physical_circuit_20250504_214155.txt

Detailed Circuit Comparison:

=== Circuit Comparison ===
Metric               Original   Mapped     Optimized 
Depth                20         20         20        
Width                8          8          8         
CNOT Count           20         16         20        
T Gate Count         0          0          0         
Single-Qubit Gates   8          16         8         

Logical fidelity (function preservation): 1.000000
Physical fidelity (hardware execution): 0.951541
Optimization gate reduction: 0.00%
Optimization depth reduction: 0.00%
    Original depth: 49
    Optimized depth: 20
    Depth reduction: 59.18%
    Runtime: 0.90 seconds
Circuit text representation saved to comprehensive_results/Consolidated_STANDARD_f0.95/optimized_circuit_20250504_214156.txt

  Target fidelity 0.99:
Initializing Toffoli pattern library...
Direct circuit optimization method not available
No Toffoli gates found for fallback, using example gates
Falling back to optimize_toffoli_network method

Optimizing Toffoli network with 4 gates on 8 qubits
Using RELATIVE_PHASE_1 implementation
Max optimization passes: 2
Optimization strategy: STANDARD
Target fidelity: 0.99
Pass timeout: 60 seconds
Pattern optimization: Enabled (threshold: 10.0%)
ZX calculus optimization: Enabled
Reinforcement learning optimization: Enabled
Creating logical circuit...
Using 4 valid gates after filtering.
Logical circuit depth: 20
Applying pattern-based optimization...
Pattern-optimized depth: 20 (0.00% reduction)
Naive physical depth: 49
Running optimization passes (max: 2)...
Optimization pass 1/2
Pass 1 completed in 0.11 seconds
No improvement in pass 1
Optimization pass 2/2
Pass 2 completed in 0.12 seconds
No improvement in pass 2
Early termination condition detected (continuing anyway)

Note: Early termination would have triggered, but all 2 passes were completed
Best results achieved in pass 0

Applying ZX calculus optimization...
ZX optimization did not improve the circuit

Applying RL-based optimization...
RL optimization did not improve the circuit
Optimized logical depth: 20
Mapping optimized circuit to physical qubits...
Mapping and optimizing circuit for target hardware (optimization level: 3)...
Circuit before mapping: 20 depth, 28 gates
Initial mapping complete: 22 depth, 44 gates
Optimized mapping complete: 20 depth, 40 gates
Mapped circuit successfully respects coupling constraints
Final physical depth: 20
Final physical gates: 40
Logical fidelity (function preservation): 0.900000
Physical fidelity (hardware execution): 0.827933
Respects coupling constraints: True
Depth reduction from pattern-optimized to final: 0.00%
Depth reduction from logical: 0.00%
Depth reduction from naive: 59.18%
Optimization completed in 0.5916 seconds
Circuit text representation saved to toffoli_optimizer_results/circuit_images/original_physical_circuit_20250504_214157.txt
Circuit text representation saved to toffoli_optimizer_results/circuit_images/optimized_logical_circuit_20250504_214157.txt
Circuit text representation saved to toffoli_optimizer_results/circuit_images/final_physical_circuit_20250504_214157.txt

Detailed Circuit Comparison:

=== Circuit Comparison ===
Metric               Original   Mapped     Optimized 
Depth                20         20         20        
Width                8          8          8         
CNOT Count           20         16         20        
T Gate Count         0          0          0         
Single-Qubit Gates   8          16         8         

Logical fidelity (function preservation): 1.000000
Physical fidelity (hardware execution): 0.951541
Optimization gate reduction: 0.00%
Optimization depth reduction: 0.00%
    Original depth: 49
    Optimized depth: 20
    Depth reduction: 59.18%
    Runtime: 1.07 seconds
Circuit text representation saved to comprehensive_results/Consolidated_STANDARD_f0.99/optimized_circuit_20250504_214157.txt

Running ConsolidatedToffoliDepthOptimizer with strategy ULTRA_DEPTH_REDUCTION:
  Aggressive depth reduction with controlled fidelity trade-offs

  Target fidelity 0.85:
Initializing Toffoli pattern library...
Direct circuit optimization method not available
No Toffoli gates found for fallback, using example gates
Falling back to optimize_toffoli_network method

Optimizing Toffoli network with 4 gates on 8 qubits
Using RELATIVE_PHASE_1 implementation
Max optimization passes: 2
Optimization strategy: ULTRA_DEPTH_REDUCTION
Target fidelity: 0.85, Minimum fidelity: 0.8
Pass timeout: 60 seconds
Pattern optimization: Enabled (threshold: 10.0%)
ZX calculus optimization: Enabled
Reinforcement learning optimization: Enabled
Creating logical circuit...
Using 4 valid gates after filtering.
Logical circuit depth: 20
Applying pattern-based optimization...
Pattern-optimized depth: 20 (0.00% reduction)
Naive physical depth: 49
Running optimization passes (max: 2)...
Optimization pass 1/2
Pass 1 completed in 0.13 seconds
No improvement in pass 1
Optimization pass 2/2
Pass 2 completed in 0.13 seconds
No improvement in pass 2
Early termination condition detected (continuing anyway)

Note: Early termination would have triggered, but all 2 passes were completed
Best results achieved in pass 0

Applying ZX calculus optimization...
ZX optimization did not improve the circuit

Applying RL-based optimization...
RL optimization did not improve the circuit
Optimized logical depth: 20
Mapping optimized circuit to physical qubits...
Mapping and optimizing circuit for target hardware (optimization level: 3)...
Circuit before mapping: 20 depth, 28 gates
Initial mapping complete: 22 depth, 44 gates
Optimized mapping complete: 20 depth, 40 gates
Mapped circuit successfully respects coupling constraints
Final physical depth: 20
Final physical gates: 40
Logical fidelity (function preservation): 0.900000
Physical fidelity (hardware execution): 0.827933
Respects coupling constraints: True
Depth reduction from pattern-optimized to final: 0.00%
Depth reduction from logical: 0.00%
Depth reduction from naive: 59.18%
Optimization completed in 0.7261 seconds
Circuit text representation saved to toffoli_optimizer_results/circuit_images/original_physical_circuit_20250504_214158.txt
Circuit text representation saved to toffoli_optimizer_results/circuit_images/optimized_logical_circuit_20250504_214159.txt
Circuit text representation saved to toffoli_optimizer_results/circuit_images/final_physical_circuit_20250504_214159.txt

Detailed Circuit Comparison:

=== Circuit Comparison ===
Metric               Original   Mapped     Optimized 
Depth                20         20         20        
Width                8          8          8         
CNOT Count           20         16         20        
T Gate Count         0          0          0         
Single-Qubit Gates   8          16         8         

Logical fidelity (function preservation): 1.000000
Physical fidelity (hardware execution): 0.951541
Optimization gate reduction: 0.00%
Optimization depth reduction: 0.00%
    Original depth: 49
    Optimized depth: 20
    Depth reduction: 59.18%
    Runtime: 1.41 seconds
Circuit text representation saved to comprehensive_results/Consolidated_ULTRA_DEPTH_REDUCTION_f0.85/optimized_circuit_20250504_214159.txt

  Target fidelity 0.9:
Initializing Toffoli pattern library...
Direct circuit optimization method not available
No Toffoli gates found for fallback, using example gates
Falling back to optimize_toffoli_network method

Optimizing Toffoli network with 4 gates on 8 qubits
Using RELATIVE_PHASE_1 implementation
Max optimization passes: 2
Optimization strategy: ULTRA_DEPTH_REDUCTION
Target fidelity: 0.9, Minimum fidelity: 0.8
Pass timeout: 60 seconds
Pattern optimization: Enabled (threshold: 10.0%)
ZX calculus optimization: Enabled
Reinforcement learning optimization: Enabled
Creating logical circuit...
Using 4 valid gates after filtering.
Logical circuit depth: 20
Applying pattern-based optimization...
Pattern-optimized depth: 20 (0.00% reduction)
Naive physical depth: 49
Running optimization passes (max: 2)...
Optimization pass 1/2
Pass 1 completed in 0.20 seconds
No improvement in pass 1
Optimization pass 2/2
Pass 2 completed in 0.20 seconds
No improvement in pass 2
Early termination condition detected (continuing anyway)

Note: Early termination would have triggered, but all 2 passes were completed
Best results achieved in pass 0

Applying ZX calculus optimization...
ZX optimization did not improve the circuit

Applying RL-based optimization...
RL optimization did not improve the circuit
Optimized logical depth: 20
Mapping optimized circuit to physical qubits...
Mapping and optimizing circuit for target hardware (optimization level: 3)...
Circuit before mapping: 20 depth, 28 gates
Initial mapping complete: 22 depth, 44 gates
Optimized mapping complete: 20 depth, 40 gates
Mapped circuit successfully respects coupling constraints
Final physical depth: 20
Final physical gates: 40
Logical fidelity (function preservation): 0.900000
Physical fidelity (hardware execution): 0.827933
Respects coupling constraints: True
Depth reduction from pattern-optimized to final: 0.00%
Depth reduction from logical: 0.00%
Depth reduction from naive: 59.18%
Optimization completed in 1.0433 seconds
Circuit text representation saved to toffoli_optimizer_results/circuit_images/original_physical_circuit_20250504_214201.txt
Circuit text representation saved to toffoli_optimizer_results/circuit_images/optimized_logical_circuit_20250504_214201.txt
Circuit text representation saved to toffoli_optimizer_results/circuit_images/final_physical_circuit_20250504_214201.txt

Detailed Circuit Comparison:

=== Circuit Comparison ===
Metric               Original   Mapped     Optimized 
Depth                20         20         20        
Width                8          8          8         
CNOT Count           20         16         20        
T Gate Count         0          0          0         
Single-Qubit Gates   8          16         8         

Logical fidelity (function preservation): 1.000000
Physical fidelity (hardware execution): 0.951541
Optimization gate reduction: 0.00%
Optimization depth reduction: 0.00%
    Original depth: 49
    Optimized depth: 20
    Depth reduction: 59.18%
    Runtime: 1.59 seconds
Circuit text representation saved to comprehensive_results/Consolidated_ULTRA_DEPTH_REDUCTION_f0.9/optimized_circuit_20250504_214201.txt

  Target fidelity 0.95:
Initializing Toffoli pattern library...
Direct circuit optimization method not available
No Toffoli gates found for fallback, using example gates
Falling back to optimize_toffoli_network method

Optimizing Toffoli network with 4 gates on 8 qubits
Using RELATIVE_PHASE_1 implementation
Max optimization passes: 2
Optimization strategy: ULTRA_DEPTH_REDUCTION
Target fidelity: 0.95, Minimum fidelity: 0.85
Pass timeout: 60 seconds
Pattern optimization: Enabled (threshold: 10.0%)
ZX calculus optimization: Enabled
Reinforcement learning optimization: Enabled
Creating logical circuit...
Using 4 valid gates after filtering.
Logical circuit depth: 20
Applying pattern-based optimization...
Pattern-optimized depth: 20 (0.00% reduction)
Naive physical depth: 49
Running optimization passes (max: 2)...
Optimization pass 1/2
Pass 1 completed in 0.19 seconds
Improvement found in pass 1
Optimization pass 2/2
Pass 2 completed in 0.19 seconds
No improvement in pass 2
Early termination condition detected (continuing anyway)

Note: Early termination would have triggered, but all 2 passes were completed
Best results achieved in pass 1

Applying ZX calculus optimization...
ZX optimization did not improve the circuit

Applying RL-based optimization...
RL optimization did not improve the circuit
Optimized logical depth: 20
Mapping optimized circuit to physical qubits...
Mapping and optimizing circuit for target hardware (optimization level: 3)...
Circuit before mapping: 20 depth, 40 gates
Initial mapping complete: 20 depth, 40 gates
Optimized mapping complete: 20 depth, 40 gates
Mapped circuit successfully respects coupling constraints
Final physical depth: 20
Final physical gates: 40
Logical fidelity (function preservation): 0.900000
Physical fidelity (hardware execution): 0.827933
Respects coupling constraints: True
Depth reduction from pattern-optimized to final: 0.00%
Depth reduction from logical: 0.00%
Depth reduction from naive: 59.18%
Optimization completed in 0.9211 seconds
Circuit text representation saved to toffoli_optimizer_results/circuit_images/original_physical_circuit_20250504_214203.txt
Circuit text representation saved to toffoli_optimizer_results/circuit_images/optimized_logical_circuit_20250504_214203.txt
Circuit text representation saved to toffoli_optimizer_results/circuit_images/final_physical_circuit_20250504_214203.txt

Detailed Circuit Comparison:

=== Circuit Comparison ===
Metric               Original   Mapped     Optimized 
Depth                20         20         20        
Width                8          8          8         
CNOT Count           20         16         16        
T Gate Count         0          0          0         
Single-Qubit Gates   8          16         16        

Logical fidelity (function preservation): 1.000000
Physical fidelity (hardware execution): 0.951541
Optimization gate reduction: -42.86%
Optimization depth reduction: 0.00%
    Original depth: 49
    Optimized depth: 20
    Depth reduction: 59.18%
    Runtime: 1.39 seconds
Circuit text representation saved to comprehensive_results/Consolidated_ULTRA_DEPTH_REDUCTION_f0.95/optimized_circuit_20250504_214203.txt

  Target fidelity 0.99:
Initializing Toffoli pattern library...
Direct circuit optimization method not available
No Toffoli gates found for fallback, using example gates
Falling back to optimize_toffoli_network method

Optimizing Toffoli network with 4 gates on 8 qubits
Using RELATIVE_PHASE_1 implementation
Max optimization passes: 2
Optimization strategy: ULTRA_DEPTH_REDUCTION
Target fidelity: 0.99, Minimum fidelity: 0.89
Pass timeout: 60 seconds
Pattern optimization: Enabled (threshold: 10.0%)
ZX calculus optimization: Enabled
Reinforcement learning optimization: Enabled
Creating logical circuit...
Using 4 valid gates after filtering.
Logical circuit depth: 20
Applying pattern-based optimization...
Pattern-optimized depth: 20 (0.00% reduction)
Naive physical depth: 49
Running optimization passes (max: 2)...
Optimization pass 1/2
Pass 1 completed in 0.19 seconds
Improvement found in pass 1
Optimization pass 2/2
Pass 2 completed in 0.19 seconds
No improvement in pass 2
Early termination condition detected (continuing anyway)

Note: Early termination would have triggered, but all 2 passes were completed
Best results achieved in pass 1

Applying ZX calculus optimization...
ZX optimization did not improve the circuit

Applying RL-based optimization...
RL optimization did not improve the circuit
Optimized logical depth: 20
Mapping optimized circuit to physical qubits...
Mapping and optimizing circuit for target hardware (optimization level: 3)...
Circuit before mapping: 20 depth, 40 gates
Initial mapping complete: 20 depth, 40 gates
Optimized mapping complete: 20 depth, 40 gates
Mapped circuit successfully respects coupling constraints
Final physical depth: 20
Final physical gates: 40
Logical fidelity (function preservation): 0.900000
Physical fidelity (hardware execution): 0.827933
Respects coupling constraints: True
Depth reduction from pattern-optimized to final: 0.00%
Depth reduction from logical: 0.00%
Depth reduction from naive: 59.18%
Optimization completed in 0.9305 seconds
Circuit text representation saved to toffoli_optimizer_results/circuit_images/original_physical_circuit_20250504_214205.txt
Circuit text representation saved to toffoli_optimizer_results/circuit_images/optimized_logical_circuit_20250504_214205.txt
Circuit text representation saved to toffoli_optimizer_results/circuit_images/final_physical_circuit_20250504_214205.txt

Detailed Circuit Comparison:

=== Circuit Comparison ===
Metric               Original   Mapped     Optimized 
Depth                20         20         20        
Width                8          8          8         
CNOT Count           20         16         16        
T Gate Count         0          0          0         
Single-Qubit Gates   8          16         16        

Logical fidelity (function preservation): 1.000000
Physical fidelity (hardware execution): 0.951541
Optimization gate reduction: -42.86%
Optimization depth reduction: 0.00%
    Original depth: 49
    Optimized depth: 20
    Depth reduction: 59.18%
    Runtime: 1.17 seconds
Circuit text representation saved to comprehensive_results/Consolidated_ULTRA_DEPTH_REDUCTION_f0.99/optimized_circuit_20250504_214205.txt

Running ConsolidatedToffoliDepthOptimizer with strategy DEPTH_FIDELITY_BALANCE:
  Explicit balancing of depth and fidelity

  Target fidelity 0.85:
Initializing Toffoli pattern library...
Direct circuit optimization method not available
No Toffoli gates found for fallback, using example gates
Falling back to optimize_toffoli_network method

Optimizing Toffoli network with 4 gates on 8 qubits
Using RELATIVE_PHASE_1 implementation
Max optimization passes: 2
Optimization strategy: DEPTH_FIDELITY_BALANCE
Target fidelity: 0.85, Minimum fidelity: 0.85
Depth weight: 0.7, Fidelity weight: 0.3
Pass timeout: 60 seconds
Pattern optimization: Enabled (threshold: 10.0%)
ZX calculus optimization: Enabled
Reinforcement learning optimization: Enabled
Creating logical circuit...
Using 4 valid gates after filtering.
Logical circuit depth: 20
Applying pattern-based optimization...
Pattern-optimized depth: 20 (0.00% reduction)
Naive physical depth: 49
Running optimization passes (max: 2)...
Optimization pass 1/2
Pass 1 completed in 0.19 seconds
No improvement in pass 1
Optimization pass 2/2
Pass 2 completed in 0.19 seconds
No improvement in pass 2
Early termination condition detected (continuing anyway)

Note: Early termination would have triggered, but all 2 passes were completed
Best results achieved in pass 0

Applying ZX calculus optimization...
ZX optimization did not improve the circuit

Applying RL-based optimization...
RL optimization did not improve the circuit
Optimized logical depth: 20
Mapping optimized circuit to physical qubits...
Mapping and optimizing circuit for target hardware (optimization level: 3)...
Circuit before mapping: 20 depth, 28 gates
Initial mapping complete: 22 depth, 44 gates
Optimized mapping complete: 20 depth, 40 gates
Mapped circuit successfully respects coupling constraints
Final physical depth: 20
Final physical gates: 40
Logical fidelity (function preservation): 0.900000
Physical fidelity (hardware execution): 0.827933
Respects coupling constraints: True
Depth reduction from pattern-optimized to final: 0.00%
Depth reduction from logical: 0.00%
Depth reduction from naive: 59.18%
Optimization completed in 0.9197 seconds
Circuit text representation saved to toffoli_optimizer_results/circuit_images/original_physical_circuit_20250504_214206.txt
Circuit text representation saved to toffoli_optimizer_results/circuit_images/optimized_logical_circuit_20250504_214206.txt
Circuit text representation saved to toffoli_optimizer_results/circuit_images/final_physical_circuit_20250504_214206.txt

Detailed Circuit Comparison:

=== Circuit Comparison ===
Metric               Original   Mapped     Optimized 
Depth                20         20         20        
Width                8          8          8         
CNOT Count           20         16         20        
T Gate Count         0          0          0         
Single-Qubit Gates   8          16         8         

Logical fidelity (function preservation): 1.000000
Physical fidelity (hardware execution): 0.951541
Optimization gate reduction: 0.00%
Optimization depth reduction: 0.00%
    Original depth: 49
    Optimized depth: 20
    Depth reduction: 59.18%
    Runtime: 1.16 seconds
Circuit text representation saved to comprehensive_results/Consolidated_DEPTH_FIDELITY_BALANCE_f0.85/optimized_circuit_20250504_214206.txt

  Target fidelity 0.9:
Initializing Toffoli pattern library...
Direct circuit optimization method not available
No Toffoli gates found for fallback, using example gates
Falling back to optimize_toffoli_network method

Optimizing Toffoli network with 4 gates on 8 qubits
Using RELATIVE_PHASE_1 implementation
Max optimization passes: 2
Optimization strategy: DEPTH_FIDELITY_BALANCE
Target fidelity: 0.9, Minimum fidelity: 0.9
Depth weight: 0.7, Fidelity weight: 0.3
Pass timeout: 60 seconds
Pattern optimization: Enabled (threshold: 10.0%)
ZX calculus optimization: Enabled
Reinforcement learning optimization: Enabled
Creating logical circuit...
Using 4 valid gates after filtering.
Logical circuit depth: 20
Applying pattern-based optimization...
Pattern-optimized depth: 20 (0.00% reduction)
Naive physical depth: 49
Running optimization passes (max: 2)...
Optimization pass 1/2
Pass 1 completed in 0.19 seconds
No improvement in pass 1
Optimization pass 2/2
Pass 2 completed in 0.19 seconds
No improvement in pass 2
Early termination condition detected (continuing anyway)

Note: Early termination would have triggered, but all 2 passes were completed
Best results achieved in pass 0

Applying ZX calculus optimization...
ZX optimization did not improve the circuit

Applying RL-based optimization...
RL optimization did not improve the circuit
Optimized logical depth: 20
Mapping optimized circuit to physical qubits...
Mapping and optimizing circuit for target hardware (optimization level: 3)...
Circuit before mapping: 20 depth, 28 gates
Initial mapping complete: 22 depth, 44 gates
Optimized mapping complete: 20 depth, 40 gates
Mapped circuit successfully respects coupling constraints
Final physical depth: 20
Final physical gates: 40
Logical fidelity (function preservation): 0.900000
Physical fidelity (hardware execution): 0.827933
Respects coupling constraints: True
Depth reduction from pattern-optimized to final: 0.00%
Depth reduction from logical: 0.00%
Depth reduction from naive: 59.18%
Optimization completed in 0.9253 seconds
Circuit text representation saved to toffoli_optimizer_results/circuit_images/original_physical_circuit_20250504_214208.txt
Circuit text representation saved to toffoli_optimizer_results/circuit_images/optimized_logical_circuit_20250504_214208.txt
Circuit text representation saved to toffoli_optimizer_results/circuit_images/final_physical_circuit_20250504_214208.txt

Detailed Circuit Comparison:

=== Circuit Comparison ===
Metric               Original   Mapped     Optimized 
Depth                20         20         20        
Width                8          8          8         
CNOT Count           20         16         20        
T Gate Count         0          0          0         
Single-Qubit Gates   8          16         8         

Logical fidelity (function preservation): 1.000000
Physical fidelity (hardware execution): 0.951541
Optimization gate reduction: 0.00%
Optimization depth reduction: 0.00%
    Original depth: 49
    Optimized depth: 20
    Depth reduction: 59.18%
    Runtime: 1.17 seconds
Circuit text representation saved to comprehensive_results/Consolidated_DEPTH_FIDELITY_BALANCE_f0.9/optimized_circuit_20250504_214208.txt

  Target fidelity 0.95:
Initializing Toffoli pattern library...
Direct circuit optimization method not available
No Toffoli gates found for fallback, using example gates
Falling back to optimize_toffoli_network method

Optimizing Toffoli network with 4 gates on 8 qubits
Using RELATIVE_PHASE_1 implementation
Max optimization passes: 2
Optimization strategy: DEPTH_FIDELITY_BALANCE
Target fidelity: 0.95, Minimum fidelity: 0.95
Depth weight: 0.7, Fidelity weight: 0.3
Pass timeout: 60 seconds
Pattern optimization: Enabled (threshold: 10.0%)
ZX calculus optimization: Enabled
Reinforcement learning optimization: Enabled
Creating logical circuit...
Using 4 valid gates after filtering.
Logical circuit depth: 20
Applying pattern-based optimization...
Pattern-optimized depth: 20 (0.00% reduction)
Naive physical depth: 49
Running optimization passes (max: 2)...
Optimization pass 1/2
Pass 1 completed in 0.19 seconds
No improvement in pass 1
Optimization pass 2/2
Pass 2 completed in 0.19 seconds
No improvement in pass 2
Early termination condition detected (continuing anyway)

Note: Early termination would have triggered, but all 2 passes were completed
Best results achieved in pass 0

Applying ZX calculus optimization...
ZX optimization did not improve the circuit

Applying RL-based optimization...
RL optimization did not improve the circuit
Optimized logical depth: 20
Mapping optimized circuit to physical qubits...
Mapping and optimizing circuit for target hardware (optimization level: 3)...
Circuit before mapping: 20 depth, 28 gates
Initial mapping complete: 22 depth, 44 gates
Optimized mapping complete: 20 depth, 40 gates
Mapped circuit successfully respects coupling constraints
Final physical depth: 20
Final physical gates: 40
Logical fidelity (function preservation): 0.900000
Physical fidelity (hardware execution): 0.827933
Respects coupling constraints: True
Depth reduction from pattern-optimized to final: 0.00%
Depth reduction from logical: 0.00%
Depth reduction from naive: 59.18%
Optimization completed in 0.9437 seconds
Circuit text representation saved to toffoli_optimizer_results/circuit_images/original_physical_circuit_20250504_214210.txt
Circuit text representation saved to toffoli_optimizer_results/circuit_images/optimized_logical_circuit_20250504_214210.txt
Circuit text representation saved to toffoli_optimizer_results/circuit_images/final_physical_circuit_20250504_214210.txt

Detailed Circuit Comparison:

=== Circuit Comparison ===
Metric               Original   Mapped     Optimized 
Depth                20         20         20        
Width                8          8          8         
CNOT Count           20         16         20        
T Gate Count         0          0          0         
Single-Qubit Gates   8          16         8         

Logical fidelity (function preservation): 1.000000
Physical fidelity (hardware execution): 0.951541
Optimization gate reduction: 0.00%
Optimization depth reduction: 0.00%
    Original depth: 49
    Optimized depth: 20
    Depth reduction: 59.18%
    Runtime: 1.18 seconds
Circuit text representation saved to comprehensive_results/Consolidated_DEPTH_FIDELITY_BALANCE_f0.95/optimized_circuit_20250504_214210.txt

  Target fidelity 0.99:
Initializing Toffoli pattern library...
Direct circuit optimization method not available
No Toffoli gates found for fallback, using example gates
Falling back to optimize_toffoli_network method

Optimizing Toffoli network with 4 gates on 8 qubits
Using RELATIVE_PHASE_1 implementation
Max optimization passes: 2
Optimization strategy: DEPTH_FIDELITY_BALANCE
Target fidelity: 0.99, Minimum fidelity: 0.99
Depth weight: 0.7, Fidelity weight: 0.3
Pass timeout: 60 seconds
Pattern optimization: Enabled (threshold: 10.0%)
ZX calculus optimization: Enabled
Reinforcement learning optimization: Enabled
Creating logical circuit...
Using 4 valid gates after filtering.
Logical circuit depth: 20
Applying pattern-based optimization...
Pattern-optimized depth: 20 (0.00% reduction)
Naive physical depth: 49
Running optimization passes (max: 2)...
Optimization pass 1/2
Pass 1 completed in 0.19 seconds
No improvement in pass 1
Optimization pass 2/2
Pass 2 completed in 0.19 seconds
No improvement in pass 2
Early termination condition detected (continuing anyway)

Note: Early termination would have triggered, but all 2 passes were completed
Best results achieved in pass 0

Applying ZX calculus optimization...
ZX optimization did not improve the circuit

Applying RL-based optimization...
RL optimization did not improve the circuit
Optimized logical depth: 20
Mapping optimized circuit to physical qubits...
Mapping and optimizing circuit for target hardware (optimization level: 3)...
Circuit before mapping: 20 depth, 28 gates
Initial mapping complete: 22 depth, 44 gates
Optimized mapping complete: 20 depth, 40 gates
Mapped circuit successfully respects coupling constraints
Final physical depth: 20
Final physical gates: 40
Logical fidelity (function preservation): 0.900000
Physical fidelity (hardware execution): 0.827933
Respects coupling constraints: True
Depth reduction from pattern-optimized to final: 0.00%
Depth reduction from logical: 0.00%
Depth reduction from naive: 59.18%
Optimization completed in 0.9318 seconds
Circuit text representation saved to toffoli_optimizer_results/circuit_images/original_physical_circuit_20250504_214211.txt
Circuit text representation saved to toffoli_optimizer_results/circuit_images/optimized_logical_circuit_20250504_214211.txt
Circuit text representation saved to toffoli_optimizer_results/circuit_images/final_physical_circuit_20250504_214211.txt

Detailed Circuit Comparison:

=== Circuit Comparison ===
Metric               Original   Mapped     Optimized 
Depth                20         20         20        
Width                8          8          8         
CNOT Count           20         16         20        
T Gate Count         0          0          0         
Single-Qubit Gates   8          16         8         

Logical fidelity (function preservation): 1.000000
Physical fidelity (hardware execution): 0.951541
Optimization gate reduction: 0.00%
Optimization depth reduction: 0.00%
    Original depth: 49
    Optimized depth: 20
    Depth reduction: 59.18%
    Runtime: 1.17 seconds
Circuit text representation saved to comprehensive_results/Consolidated_DEPTH_FIDELITY_BALANCE_f0.99/optimized_circuit_20250504_214211.txt

Running ConsolidatedToffoliDepthOptimizer with strategy HYBRID:
  Combined approach using multiple techniques

  Target fidelity 0.85:
Initializing Toffoli pattern library...
Direct circuit optimization method not available
No Toffoli gates found for fallback, using example gates
Falling back to optimize_toffoli_network method

Optimizing Toffoli network with 4 gates on 8 qubits
Using RELATIVE_PHASE_1 implementation
Max optimization passes: 2
Optimization strategy: HYBRID
Target fidelity: 0.85
Pass timeout: 60 seconds
Pattern optimization: Enabled (threshold: 10.0%)
ZX calculus optimization: Enabled
Reinforcement learning optimization: Enabled
Creating logical circuit...
Using 4 valid gates after filtering.
Logical circuit depth: 20
Applying pattern-based optimization...
Pattern-optimized depth: 20 (0.00% reduction)
Naive physical depth: 49
Running optimization passes (max: 2)...
Optimization pass 1/2
Pass 1 completed in 0.18 seconds
No improvement in pass 1
Optimization pass 2/2
Pass 2 completed in 0.17 seconds
No improvement in pass 2
Early termination condition detected (continuing anyway)

Note: Early termination would have triggered, but all 2 passes were completed
Best results achieved in pass 0

Applying ZX calculus optimization...
ZX optimization did not improve the circuit

Applying RL-based optimization...
RL optimization did not improve the circuit
Optimized logical depth: 20
Mapping optimized circuit to physical qubits...
Mapping and optimizing circuit for target hardware (optimization level: 3)...
Circuit before mapping: 20 depth, 28 gates
Initial mapping complete: 22 depth, 44 gates
Optimized mapping complete: 20 depth, 40 gates
Mapped circuit successfully respects coupling constraints
Final physical depth: 20
Final physical gates: 40
Logical fidelity (function preservation): 0.900000
Physical fidelity (hardware execution): 0.827933
Respects coupling constraints: True
Depth reduction from pattern-optimized to final: 0.00%
Depth reduction from logical: 0.00%
Depth reduction from naive: 59.18%
Optimization completed in 0.9010 seconds
Circuit text representation saved to toffoli_optimizer_results/circuit_images/original_physical_circuit_20250504_214213.txt
Circuit text representation saved to toffoli_optimizer_results/circuit_images/optimized_logical_circuit_20250504_214213.txt
Circuit text representation saved to toffoli_optimizer_results/circuit_images/final_physical_circuit_20250504_214213.txt

Detailed Circuit Comparison:

=== Circuit Comparison ===
Metric               Original   Mapped     Optimized 
Depth                20         20         20        
Width                8          8          8         
CNOT Count           20         16         20        
T Gate Count         0          0          0         
Single-Qubit Gates   8          16         8         

Logical fidelity (function preservation): 1.000000
Physical fidelity (hardware execution): 0.951541
Optimization gate reduction: 0.00%
Optimization depth reduction: 0.00%
    Original depth: 49
    Optimized depth: 20
    Depth reduction: 59.18%
    Runtime: 1.14 seconds
Circuit text representation saved to comprehensive_results/Consolidated_HYBRID_f0.85/optimized_circuit_20250504_214213.txt

  Target fidelity 0.9:
Initializing Toffoli pattern library...
Direct circuit optimization method not available
No Toffoli gates found for fallback, using example gates
Falling back to optimize_toffoli_network method

Optimizing Toffoli network with 4 gates on 8 qubits
Using RELATIVE_PHASE_1 implementation
Max optimization passes: 2
Optimization strategy: HYBRID
Target fidelity: 0.9
Pass timeout: 60 seconds
Pattern optimization: Enabled (threshold: 10.0%)
ZX calculus optimization: Enabled
Reinforcement learning optimization: Enabled
Creating logical circuit...
Using 4 valid gates after filtering.
Logical circuit depth: 20
Applying pattern-based optimization...
Pattern-optimized depth: 20 (0.00% reduction)
Naive physical depth: 49
Running optimization passes (max: 2)...
Optimization pass 1/2
Pass 1 completed in 0.18 seconds
No improvement in pass 1
Optimization pass 2/2
Pass 2 completed in 0.17 seconds
No improvement in pass 2
Early termination condition detected (continuing anyway)

Note: Early termination would have triggered, but all 2 passes were completed
Best results achieved in pass 0

Applying ZX calculus optimization...
ZX optimization did not improve the circuit

Applying RL-based optimization...
RL optimization did not improve the circuit
Optimized logical depth: 20
Mapping optimized circuit to physical qubits...
Mapping and optimizing circuit for target hardware (optimization level: 3)...
Circuit before mapping: 20 depth, 28 gates
Initial mapping complete: 22 depth, 44 gates
Optimized mapping complete: 20 depth, 40 gates
Mapped circuit successfully respects coupling constraints
Final physical depth: 20
Final physical gates: 40
Logical fidelity (function preservation): 0.900000
Physical fidelity (hardware execution): 0.827933
Respects coupling constraints: True
Depth reduction from pattern-optimized to final: 0.00%
Depth reduction from logical: 0.00%
Depth reduction from naive: 59.18%
Optimization completed in 0.8900 seconds
Circuit text representation saved to toffoli_optimizer_results/circuit_images/original_physical_circuit_20250504_214214.txt
Circuit text representation saved to toffoli_optimizer_results/circuit_images/optimized_logical_circuit_20250504_214214.txt
Circuit text representation saved to toffoli_optimizer_results/circuit_images/final_physical_circuit_20250504_214214.txt

Detailed Circuit Comparison:

=== Circuit Comparison ===
Metric               Original   Mapped     Optimized 
Depth                20         20         20        
Width                8          8          8         
CNOT Count           20         16         20        
T Gate Count         0          0          0         
Single-Qubit Gates   8          16         8         

Logical fidelity (function preservation): 1.000000
Physical fidelity (hardware execution): 0.951541
Optimization gate reduction: 0.00%
Optimization depth reduction: 0.00%
    Original depth: 49
    Optimized depth: 20
    Depth reduction: 59.18%
    Runtime: 1.13 seconds
Circuit text representation saved to comprehensive_results/Consolidated_HYBRID_f0.9/optimized_circuit_20250504_214215.txt

  Target fidelity 0.95:
Initializing Toffoli pattern library...
Direct circuit optimization method not available
No Toffoli gates found for fallback, using example gates
Falling back to optimize_toffoli_network method

Optimizing Toffoli network with 4 gates on 8 qubits
Using RELATIVE_PHASE_1 implementation
Max optimization passes: 2
Optimization strategy: HYBRID
Target fidelity: 0.95
Pass timeout: 60 seconds
Pattern optimization: Enabled (threshold: 10.0%)
ZX calculus optimization: Enabled
Reinforcement learning optimization: Enabled
Creating logical circuit...
Using 4 valid gates after filtering.
Logical circuit depth: 20
Applying pattern-based optimization...
Pattern-optimized depth: 20 (0.00% reduction)
Naive physical depth: 49
Running optimization passes (max: 2)...
Optimization pass 1/2
Pass 1 completed in 0.17 seconds
No improvement in pass 1
Optimization pass 2/2
Pass 2 completed in 0.17 seconds
No improvement in pass 2
Early termination condition detected (continuing anyway)

Note: Early termination would have triggered, but all 2 passes were completed
Best results achieved in pass 0

Applying ZX calculus optimization...
ZX optimization did not improve the circuit

Applying RL-based optimization...
RL optimization did not improve the circuit
Optimized logical depth: 20
Mapping optimized circuit to physical qubits...
Mapping and optimizing circuit for target hardware (optimization level: 3)...
Circuit before mapping: 20 depth, 28 gates
Initial mapping complete: 22 depth, 44 gates
Optimized mapping complete: 20 depth, 40 gates
Mapped circuit successfully respects coupling constraints
Final physical depth: 20
Final physical gates: 40
Logical fidelity (function preservation): 0.900000
Physical fidelity (hardware execution): 0.827933
Respects coupling constraints: True
Depth reduction from pattern-optimized to final: 0.00%
Depth reduction from logical: 0.00%
Depth reduction from naive: 59.18%
Optimization completed in 0.8818 seconds
Circuit text representation saved to toffoli_optimizer_results/circuit_images/original_physical_circuit_20250504_214216.txt
Circuit text representation saved to toffoli_optimizer_results/circuit_images/optimized_logical_circuit_20250504_214216.txt
Circuit text representation saved to toffoli_optimizer_results/circuit_images/final_physical_circuit_20250504_214216.txt

Detailed Circuit Comparison:

=== Circuit Comparison ===
Metric               Original   Mapped     Optimized 
Depth                20         20         20        
Width                8          8          8         
CNOT Count           20         16         20        
T Gate Count         0          0          0         
Single-Qubit Gates   8          16         8         

Logical fidelity (function preservation): 1.000000
Physical fidelity (hardware execution): 0.951541
Optimization gate reduction: 0.00%
Optimization depth reduction: 0.00%
    Original depth: 49
    Optimized depth: 20
    Depth reduction: 59.18%
    Runtime: 1.12 seconds
Circuit text representation saved to comprehensive_results/Consolidated_HYBRID_f0.95/optimized_circuit_20250504_214216.txt

  Target fidelity 0.99:
Initializing Toffoli pattern library...
Direct circuit optimization method not available
No Toffoli gates found for fallback, using example gates
Falling back to optimize_toffoli_network method

Optimizing Toffoli network with 4 gates on 8 qubits
Using RELATIVE_PHASE_1 implementation
Max optimization passes: 2
Optimization strategy: HYBRID
Target fidelity: 0.99
Pass timeout: 60 seconds
Pattern optimization: Enabled (threshold: 10.0%)
ZX calculus optimization: Enabled
Reinforcement learning optimization: Enabled
Creating logical circuit...
Using 4 valid gates after filtering.
Logical circuit depth: 20
Applying pattern-based optimization...
Pattern-optimized depth: 20 (0.00% reduction)
Naive physical depth: 49
Running optimization passes (max: 2)...
Optimization pass 1/2
Pass 1 completed in 0.17 seconds
No improvement in pass 1
Optimization pass 2/2
Pass 2 completed in 0.17 seconds
No improvement in pass 2
Early termination condition detected (continuing anyway)

Note: Early termination would have triggered, but all 2 passes were completed
Best results achieved in pass 0

Applying ZX calculus optimization...
ZX optimization did not improve the circuit

Applying RL-based optimization...
RL optimization did not improve the circuit
Optimized logical depth: 20
Mapping optimized circuit to physical qubits...
Mapping and optimizing circuit for target hardware (optimization level: 3)...
Circuit before mapping: 20 depth, 28 gates
Initial mapping complete: 22 depth, 44 gates
Optimized mapping complete: 20 depth, 40 gates
Mapped circuit successfully respects coupling constraints
Final physical depth: 20
Final physical gates: 40
Logical fidelity (function preservation): 0.900000
Physical fidelity (hardware execution): 0.827933
Respects coupling constraints: True
Depth reduction from pattern-optimized to final: 0.00%
Depth reduction from logical: 0.00%
Depth reduction from naive: 59.18%
Optimization completed in 0.8815 seconds
Circuit text representation saved to toffoli_optimizer_results/circuit_images/original_physical_circuit_20250504_214218.txt
Circuit text representation saved to toffoli_optimizer_results/circuit_images/optimized_logical_circuit_20250504_214218.txt
Circuit text representation saved to toffoli_optimizer_results/circuit_images/final_physical_circuit_20250504_214218.txt

Detailed Circuit Comparison:

=== Circuit Comparison ===
Metric               Original   Mapped     Optimized 
Depth                20         20         20        
Width                8          8          8         
CNOT Count           20         16         20        
T Gate Count         0          0          0         
Single-Qubit Gates   8          16         8         

Logical fidelity (function preservation): 1.000000
Physical fidelity (hardware execution): 0.951541
Optimization gate reduction: 0.00%
Optimization depth reduction: 0.00%
    Original depth: 49
    Optimized depth: 20
    Depth reduction: 59.18%
    Runtime: 1.12 seconds
Circuit text representation saved to comprehensive_results/Consolidated_HYBRID_f0.99/optimized_circuit_20250504_214218.txt

=== Running RL Optimization ===

Running RL optimization with target fidelity 0.85...
  RL Optimization trial 1/5...
  RL Optimization trial 2/5...
  RL Optimization trial 3/5...
  RL Optimization trial 4/5...
  RL Optimization trial 5/5...
  Target fidelity 0.85:
    Original depth: 49
    Optimized depth: 49
    Depth reduction: 0.00%
    Runtime: 0.00 seconds
Circuit text representation saved to comprehensive_results/RL_Optimizer_f0.85/optimized_circuit_20250504_214218.txt

Running RL optimization with target fidelity 0.9...
  RL Optimization trial 1/5...
  RL Optimization trial 2/5...
  RL Optimization trial 3/5...
  RL Optimization trial 4/5...
  RL Optimization trial 5/5...
  Target fidelity 0.9:
    Original depth: 49
    Optimized depth: 49
    Depth reduction: 0.00%
    Runtime: 0.00 seconds
Circuit text representation saved to comprehensive_results/RL_Optimizer_f0.9/optimized_circuit_20250504_214218.txt

Running RL optimization with target fidelity 0.95...
  RL Optimization trial 1/5...
  RL Optimization trial 2/5...
  RL Optimization trial 3/5...
  RL Optimization trial 4/5...
  RL Optimization trial 5/5...
  Target fidelity 0.95:
    Original depth: 49
    Optimized depth: 49
    Depth reduction: 0.00%
    Runtime: 0.00 seconds
Circuit text representation saved to comprehensive_results/RL_Optimizer_f0.95/optimized_circuit_20250504_214218.txt

Running RL optimization with target fidelity 0.99...
  RL Optimization trial 1/5...
  RL Optimization trial 2/5...
  RL Optimization trial 3/5...
  RL Optimization trial 4/5...
  RL Optimization trial 5/5...
  Target fidelity 0.99:
    Original depth: 49
    Optimized depth: 49
    Depth reduction: 0.00%
    Runtime: 0.00 seconds
Circuit text representation saved to comprehensive_results/RL_Optimizer_f0.99/optimized_circuit_20250504_214218.txt

=== Running ZX Optimization ===

Running ZX optimization with target fidelity 0.85...
  Target fidelity 0.85:
    Original depth: 49
    Optimized depth: 49
    Depth reduction: 0.00%
    Runtime: 0.03 seconds
Circuit text representation saved to comprehensive_results/ZX_Optimizer_f0.85/optimized_circuit_20250504_214218.txt

Running ZX optimization with target fidelity 0.9...
  Target fidelity 0.9:
    Original depth: 49
    Optimized depth: 49
    Depth reduction: 0.00%
    Runtime: 0.02 seconds
Circuit text representation saved to comprehensive_results/ZX_Optimizer_f0.9/optimized_circuit_20250504_214218.txt

Running ZX optimization with target fidelity 0.95...
  Target fidelity 0.95:
    Original depth: 49
    Optimized depth: 49
    Depth reduction: 0.00%
    Runtime: 0.02 seconds
Circuit text representation saved to comprehensive_results/ZX_Optimizer_f0.95/optimized_circuit_20250504_214218.txt

Running ZX optimization with target fidelity 0.99...
  Target fidelity 0.99:
    Original depth: 49
    Optimized depth: 49
    Depth reduction: 0.00%
    Runtime: 0.02 seconds
Circuit text representation saved to comprehensive_results/ZX_Optimizer_f0.99/optimized_circuit_20250504_214218.txt
Results saved to comprehensive_results/results.json
Results table saved to comprehensive_results/results_table.txt
Comparison chart saved to comprehensive_results/optimization_comparison.png

Optimization sweep completed successfully!
